timestamp,MET,altitude,radar_alt,vert_speed,orbital_vel,surface_vel,apoapsis,periapsis,g_force,dynamic_pressure,throttle,stage
1790717597.09,0.0,75.0,2.5,-0.0,175.0,0.0,74.1,-598435.3,0.99,0.0,0.0,0
1790717597.6,0.5,75.0,2.5,-0.0,175.0,0.0,74.1,-598435.3,0.99,0.0,0.0,0
1790717598.1,1.0,75.0,2.5,-0.0,175.0,0.0,74.1,-598435.3,0.99,0.0,0.0,0
1790717598.6,1.5,75.0,2.5,-0.0,175.0,0.0,74.1,-598435.3,0.99,0.0,0.0,0
1790717599.1,2.0,75.0,2.5,-0.0,175.0,0.0,74.1,-598435.3,0.99,0.0,0.0,0
1790717599.6,2.5,75.0,2.5,-0.0,175.0,0.0,74.1,-598435.3,0.99,0.0,0.0,0
1790717600.1,3.0,75.0,2.5,-0.0,175.0,0.0,74.1,-598435.3,0.99,0.0,0.0,0
1790717600.6,3.5,75.0,2.5,-0.0,175.0,0.0,74.1,-598435.3,0.99,0.0,0.0,0
1790717601.1,4.0,75.0,2.5,-0.0,175.0,0.0,74.1,-598435.3,0.99,0.0,0.0,0
1790717601.61,4.5,75.0,2.5,-0.0,175.0,0.0,74.1,-598435.3,0.99,0.0,0.0,0
1790717602.11,5.0,75.0,2.5,-0.0,175.0,0.0,74.1,-598435.3,0.99,0.0,0.0,0
1790717602.61,5.5,75.0,2.5,-0.0,175.0,0.0,74.1,-598435.3,0.99,0.0,0.0,0
1790717603.11,6.0,75.0,2.5,-0.0,175.0,0.0,74.1,-598435.3,0.99,0.0,0.0,0
1790717603.61,6.5,75.0,2.5,-0.0,175.0,0.0,74.1,-598435.3,0.99,0.0,0.0,0
1790717604.11,7.0,75.0,2.5,-0.0,175.0,0.0,74.1,-598435.3,0.99,0.0,0.0,0
1790717604.61,7.5,75.0,2.5,-0.0,175.0,0.0,74.1,-598435.3,0.99,0.0,0.0,0
1790717605.12,8.0,75.0,2.5,-0.0,175.0,0.0,74.1,-598435.3,0.99,0.0,0.0,0
1790717605.62,8.5,75.0,2.5,-0.0,175.0,0.0,74.1,-598435.3,0.99,0.0,0.0,0
1790717606.12,9.0,75.0,2.5,-0.0,175.0,0.0,74.1,-598435.3,0.99,0.0,0.0,0
1790717606.62,9.5,75.0,2.5,-0.0,175.0,0.0,74.1,-598435.3,0.99,0.0,0.0,0
1790717607.12,10.0,75.0,2.5,-0.0,175.0,0.0,74.1,-598435.3,0.99,0.0,0.0,0
1790717607.62,10.5,75.0,2.5,-0.0,175.0,0.0,74.1,-598435.3,0.99,0.0,0.0,0
1790717608.12,11.0,75.0,2.5,-0.0,175.0,0.0,74.1,-598435.3,0.99,0.0,0.0,0
1790717608.63,11.5,75.0,2.5,-0.0,175.0,0.0,74.1,-598435.3,0.99,0.0,0.0,0
1790717609.13,12.0,75.0,2.5,-0.0,175.0,0.0,74.1,-598435.3,0.99,0.0,0.0,0
1790717609.63,12.5,75.0,2.5,-0.0,175.0,0.0,74.1,-598435.3,0.99,0.0,0.0,0
1790717610.13,13.0,75.0,2.5,-0.0,175.0,0.0,74.1,-598435.3,0.99,0.0,0.0,0
1790717610.63,13.5,75.0,2.5,-0.0,175.0,0.0,74.1,-598435.3,0.99,0.0,0.0,0
1790717611.14,14.0,75.0,2.5,-0.0,175.0,0.0,74.1,-598435.3,0.99,0.0,0.0,0
1790717611.64,14.5,75.0,2.5,-0.0,175.0,0.0,74.1,-598435.3,0.99,0.0,0.0,0
1790717612.14,15.0,75.0,2.5,-0.0,175.0,0.0,74.1,-598435.3,0.99,0.0,0.0,0
1790717612.64,15.5,75.0,2.5,-0.0,175.0,0.0,74.1,-598435.3,0.99,0.0,0.0,0
1790717613.14,16.0,75.0,2.5,-0.0,175.0,0.0,74.1,-598435.3,0.99,0.0,0.0,0
1790717613.65,16.6,75.0,2.5,-0.0,175.0,0.0,74.1,-598435.3,0.99,0.0,0.0,0
1790717614.15,17.1,75.0,2.5,-0.0,175.0,0.0,74.1,-598435.3,0.99,0.0,0.0,0
1790717614.65,17.6,75.0,2.5,-0.0,175.0,0.0,74.1,-598435.3,0.99,0.0,0.0,0
1790717615.15,18.1,75.0,2.5,-0.0,175.0,0.0,74.1,-598435.3,0.99,0.0,0.0,0
1790717615.65,18.6,75.0,2.5,-0.0,175.0,0.0,74.1,-598435.3,0.99,0.0,0.0,0
1790717616.15,19.1,75.0,2.5,-0.0,175.0,0.0,74.1,-598435.3,0.99,0.0,0.0,0
1790717616.66,19.6,75.0,2.5,-0.0,175.0,0.0,74.1,-598435.3,0.99,0.0,0.0,0
1790717617.16,20.1,75.0,2.5,-0.0,175.0,0.0,74.1,-598435.3,0.99,0.0,0.0,0
1790717617.66,20.6,75.0,2.5,-0.0,175.0,0.0,74.1,-598435.3,0.99,0.0,0.0,0
1790717618.16,21.1,75.0,2.5,-0.0,175.0,0.0,74.1,-598435.3,0.99,0.0,0.0,0
1790717618.66,21.6,75.0,2.5,-0.0,175.0,0.0,74.1,-598435.3,0.99,0.0,0.0,0
1790717619.16,22.1,75.0,2.5,-0.0,175.0,0.0,74.1,-598435.3,0.99,0.0,0.0,0
1790717619.66,22.6,75.0,2.5,-0.0,175.0,0.0,74.1,-598435.3,0.99,0.0,0.0,0
1790717620.17,23.1,75.0,2.5,-0.0,175.0,0.0,74.1,-598435.3,0.99,0.0,0.0,0
1790717620.67,23.6,75.0,2.5,-0.0,175.0,0.0,74.1,-598435.3,0.99,0.0,0.0,0
1790717621.17,24.1,75.0,2.5,-0.0,175.0,0.0,74.1,-598435.3,0.99,0.0,0.0,0
1790717621.67,24.6,75.0,2.5,-0.0,175.0,0.0,74.1,-598435.3,0.99,0.0,0.0,0
1790717622.17,25.1,75.0,2.5,-0.0,175.0,0.0,74.1,-598435.3,0.99,0.0,0.0,0
1790717622.67,25.6,75.0,2.5,-0.0,175.0,0.0,74.1,-598435.3,0.99,0.0,0.0,0
1790717623.17,26.1,75.0,2.5,-0.0,175.0,0.0,74.1,-598435.3,0.99,0.0,0.0,0
1790717623.67,26.6,75.0,2.5,-0.0,175.0,0.0,74.1,-598435.3,0.99,0.0,0.0,0
1790717624.18,27.1,75.0,2.5,-0.0,175.0,0.0,74.1,-598435.3,0.99,0.0,0.0,0
1790717624.68,27.6,75.0,2.5,-0.0,175.0,0.0,74.1,-598435.3,0.99,0.0,0.0,0
1790717625.18,28.1,75.0,2.5,-0.0,175.0,0.0,74.1,-598435.3,0.99,0.0,0.0,0
1790717625.68,28.6,75.0,2.5,-0.0,175.0,0.0,74.1,-598435.3,0.99,0.0,0.0,0
1790717626.18,29.1,75.0,2.5,-0.0,175.0,0.0,74.1,-598435.3,0.99,0.0,0.0,0
1790717626.68,29.6,75.0,2.5,-0.0,175.0,0.0,74.1,-598435.3,0.99,0.0,0.0,0
1790717627.19,30.1,75.0,2.5,-0.0,175.0,0.0,74.1,-598435.3,0.99,0.0,0.0,0
1790717627.69,30.6,75.0,2.5,-0.0,175.0,0.0,74.1,-598435.3,0.99,0.0,0.0,0
1790717628.19,31.1,75.0,2.5,-0.0,175.0,0.0,74.1,-598435.3,0.99,0.0,0.0,0
1790717628.69,31.6,75.0,2.5,-0.0,175.0,0.0,74.1,-598435.3,0.99,0.0,0.0,0
1790717629.19,32.1,75.0,2.5,-0.0,175.0,0.0,74.1,-598435.3,0.99,0.0,0.0,0
1790717629.69,32.6,75.0,2.5,-0.0,175.0,0.0,74.1,-598435.3,0.99,0.0,0.0,0
1790717630.21,33.1,75.0,2.5,-0.0,175.0,0.0,74.1,-598435.3,0.99,0.0,0.0,0
1790717630.71,33.6,75.0,2.5,-0.0,175.0,0.0,74.1,-598435.3,0.99,0.0,0.0,0
1790717631.21,34.1,75.0,2.5,-0.0,175.0,0.0,74.1,-598435.3,0.99,0.0,0.0,0
1790717631.71,34.6,75.0,2.5,-0.0,175.0,0.0,74.1,-598435.3,0.99,0.0,0.0,0
1790717632.21,35.1,75.0,2.5,-0.0,175.0,0.0,74.1,-598435.3,0.99,0.0,0.0,0
1790717632.71,35.6,75.0,2.5,-0.0,175.0,0.0,74.1,-598435.3,0.99,0.0,0.0,0
1790717633.22,36.1,75.0,2.5,-0.0,175.0,0.0,74.1,-598435.3,0.99,0.0,0.0,0
1790717633.72,36.6,75.0,2.5,-0.0,175.0,0.0,74.1,-598435.3,0.99,0.0,0.0,0
1790717634.22,37.1,75.0,2.5,-0.0,175.0,0.0,74.1,-598435.3,0.99,0.0,0.0,0
1790717634.72,37.6,75.0,2.5,-0.0,175.0,0.0,74.1,-598435.3,0.99,0.0,0.0,0
1790717635.22,38.1,75.0,2.5,-0.0,175.0,0.0,74.1,-598435.3,0.99,0.0,0.0,0
1790717635.72,38.6,75.0,2.5,-0.0,175.0,0.0,74.1,-598435.3,0.99,0.0,0.0,0
1790717636.22,39.1,75.0,2.5,-0.0,175.0,0.0,74.1,-598435.3,0.99,0.0,0.0,0
1790717636.73,39.6,75.0,2.5,-0.0,175.0,0.0,74.1,-598435.3,0.99,0.0,0.0,0
1790717637.23,40.1,75.0,2.5,-0.0,175.0,0.0,74.1,-598435.3,0.99,0.0,0.0,0
1790717637.73,40.6,75.0,2.5,-0.0,175.0,0.0,74.1,-598435.3,0.99,0.0,0.0,0
1790717638.23,41.1,75.0,2.5,-0.0,175.0,0.0,74.1,-598435.3,0.99,0.0,0.0,0
1790717638.73,41.6,75.0,2.5,-0.0,175.0,0.0,74.1,-598435.3,0.99,0.0,0.0,0
1790717639.23,42.1,75.0,2.5,-0.0,175.0,0.0,74.1,-598435.3,0.99,0.0,0.0,0
1790717639.74,42.6,75.0,2.5,-0.0,175.0,0.0,74.1,-598435.3,0.99,0.0,0.0,0
1790717640.24,43.1,75.0,2.5,-0.0,175.0,0.0,74.1,-598435.3,0.99,0.0,0.0,0
1790717640.74,43.6,75.0,2.5,-0.0,175.0,0.0,74.1,-598435.3,0.99,0.0,0.0,0
1790717641.24,44.1,75.0,2.5,-0.0,175.0,0.0,74.1,-598435.3,0.99,0.0,0.0,0
1790717641.74,44.6,75.0,2.5,-0.0,175.0,0.0,74.1,-598435.3,0.99,0.0,0.0,0
1790717642.24,45.1,75.0,2.5,-0.0,175.0,0.0,74.1,-598435.3,0.99,0.0,0.0,0
1790717642.74,45.6,75.0,2.5,-0.0,175.0,0.0,74.1,-598435.3,0.99,0.0,0.0,0
1790717643.24,46.1,75.0,2.5,-0.0,175.0,0.0,74.1,-598435.3,0.99,0.0,0.0,0
1790717643.75,46.7,75.0,2.5,-0.0,175.0,0.0,74.1,-598435.3,0.99,0.0,0.0,0
1790717644.25,47.2,75.0,2.5,-0.0,175.0,0.0,74.1,-598435.3,0.99,0.0,0.0,0
1790717644.75,47.7,75.0,2.5,-0.0,175.0,0.0,74.1,-598435.3,0.99,0.0,0.0,0
1790717645.25,48.2,75.0,2.5,-0.0,175.0,0.0,74.1,-598435.3,0.99,0.0,0.0,0
1790717645.75,48.7,75.0,2.5,-0.0,175.0,0.0,74.1,-598435.3,0.99,0.0,0.0,0
1790717646.25,49.2,75.0,2.5,-0.0,175.0,0.0,74.1,-598435.3,0.99,0.0,0.0,0
1790717646.75,49.7,75.0,2.5,-0.0,175.0,0.0,74.1,-598435.3,0.99,0.0,0.0,0
1790717647.26,50.2,75.0,2.5,-0.0,175.0,0.0,74.1,-598435.3,0.99,0.0,0.0,0
1790717647.76,50.7,75.0,2.5,-0.0,175.0,0.0,74.1,-598435.3,0.99,0.0,0.0,0
1790717648.26,51.2,75.0,2.5,-0.0,175.0,0.0,74.1,-598435.3,0.99,0.0,0.0,0
1790717648.76,51.7,75.0,2.5,-0.0,175.0,0.0,74.1,-598435.3,0.99,0.0,0.0,0
1790717649.26,52.2,75.0,2.5,-0.0,175.0,0.0,74.1,-598435.3,0.99,0.0,0.0,0
1790717649.76,52.7,75.0,2.5,-0.0,175.0,0.0,74.1,-598435.3,0.99,0.0,0.0,0
1790717650.27,53.2,75.0,2.5,-0.0,175.0,0.0,74.1,-598435.3,0.99,0.0,0.0,0
1790717650.77,53.7,75.0,2.5,-0.0,175.0,0.0,74.1,-598435.3,0.99,0.0,0.0,0
1790717651.27,54.2,75.0,2.5,-0.0,175.0,0.0,74.1,-598435.3,0.99,0.0,0.0,0
1790717651.77,54.7,75.0,2.5,-0.0,175.0,0.0,74.1,-598435.3,0.99,0.0,0.0,0
1790717652.27,55.2,75.0,2.5,-0.0,175.0,0.0,74.1,-598435.3,0.99,0.0,0.0,0
1790717652.77,55.7,75.0,2.5,-0.0,175.0,0.0,74.1,-598435.3,0.99,0.0,0.0,0
1790717653.27,56.2,75.0,2.5,-0.0,175.0,0.0,74.1,-598435.3,0.99,0.0,0.0,0
1790717653.77,56.7,75.0,2.5,-0.0,175.0,0.0,74.1,-598435.3,0.99,0.0,0.0,0
1790717654.28,57.2,75.0,2.5,-0.0,175.0,0.0,74.1,-598435.3,0.99,0.0,0.0,0
1790717654.78,57.7,75.0,2.5,-0.0,175.0,0.0,74.1,-598435.3,0.99,0.0,0.0,0
1790717655.28,58.2,75.0,2.5,-0.0,175.0,0.0,74.1,-598435.3,0.99,0.0,0.0,0
1790717655.78,58.7,75.0,2.5,-0.0,175.0,0.0,74.1,-598435.3,0.99,0.0,0.0,0
1790717656.28,59.2,75.0,2.5,-0.0,175.0,0.0,74.1,-598435.3,0.99,0.0,0.0,0
1790717656.78,59.7,75.0,2.5,-0.0,175.0,0.0,74.1,-598435.3,0.99,0.0,0.0,0
1790717657.28,60.2,75.0,2.5,-0.0,175.0,0.0,74.1,-598435.3,0.99,0.0,0.0,0
1790717657.79,60.7,75.0,2.5,-0.0,175.0,0.0,74.1,-598435.3,0.99,0.0,0.0,0
1790717658.29,61.2,75.0,2.5,-0.0,175.0,0.0,74.1,-598435.3,0.99,0.0,0.0,0
1790717658.79,61.7,75.0,2.5,-0.0,175.0,0.0,74.1,-598435.3,0.99,0.0,0.0,0
1790717659.29,62.2,75.0,2.5,-0.0,175.0,0.0,74.1,-598435.3,0.99,0.0,0.0,0
1790717659.79,62.7,75.0,2.5,-0.0,175.0,0.0,74.1,-598435.3,0.99,0.0,0.0,0
1790717660.29,63.2,75.0,2.5,-0.0,175.0,0.0,74.1,-598435.3,0.99,0.0,0.0,0
1790717660.79,63.7,75.0,2.5,-0.0,175.0,0.0,74.1,-598435.3,0.99,0.0,0.0,0
1790717661.29,64.2,75.0,2.5,-0.0,175.0,0.0,74.1,-598435.3,0.99,0.0,0.0,0
1790717661.8,64.7,75.0,2.5,-0.0,175.0,0.0,74.1,-598435.3,0.99,0.0,0.0,0
1790717662.3,65.2,75.0,2.5,-0.0,175.0,0.0,74.1,-598435.3,0.99,0.0,0.0,0
1790717662.8,65.7,75.0,2.5,-0.0,175.0,0.0,74.1,-598435.3,0.99,0.0,0.0,0
1790717663.3,66.2,75.0,2.5,-0.0,175.0,0.0,74.1,-598435.3,0.99,0.0,0.0,0
1790717663.8,66.7,75.0,2.5,-0.0,175.0,0.0,74.1,-598435.3,0.99,0.0,0.0,0
1790717664.3,67.2,75.0,2.5,-0.0,175.0,0.0,74.1,-598435.3,0.99,0.0,0.0,0
1790717664.8,67.7,75.0,2.5,-0.0,175.0,0.0,74.1,-598435.3,0.99,0.0,0.0,0
1790717665.31,68.2,75.0,2.5,-0.0,175.0,0.0,74.1,-598435.3,0.99,0.0,0.0,0
1790717665.81,68.7,75.0,2.5,-0.0,175.0,0.0,74.1,-598435.3,0.99,0.0,0.0,0
1790717666.31,69.2,75.0,2.5,-0.0,175.0,0.0,74.1,-598435.3,0.99,0.0,0.0,0
1790717666.81,69.7,75.0,2.5,-0.0,175.0,0.0,74.1,-598435.3,0.99,0.0,0.0,0
1790717667.31,70.2,75.0,2.5,-0.0,175.0,0.0,74.1,-598435.3,0.99,0.0,0.0,0
1790717667.81,70.7,75.0,2.5,-0.0,175.0,0.0,74.1,-598435.3,0.99,0.0,0.0,0
1790717668.31,71.2,75.0,2.5,-0.0,175.0,0.0,74.1,-598435.3,0.99,0.0,0.0,0
1790717668.81,71.7,75.0,2.5,-0.0,175.0,0.0,74.1,-598435.3,0.99,0.0,0.0,0
1790717669.32,72.2,75.0,2.5,-0.0,175.0,0.0,74.1,-598435.3,0.99,0.0,0.0,0
1790717669.82,72.7,75.0,2.5,-0.0,175.0,0.0,74.1,-598435.3,0.99,0.0,0.0,0
1790717670.32,73.2,75.0,2.5,-0.0,175.0,0.0,74.1,-598435.3,0.99,0.0,0.0,0
1790717670.82,73.7,75.0,2.5,-0.0,175.0,0.0,74.1,-598435.3,0.99,0.0,0.0,0
1790717671.32,74.2,75.0,2.5,-0.0,175.0,0.0,74.1,-598435.3,0.99,0.0,0.0,0
1790717671.82,74.7,75.0,2.5,-0.0,175.0,0.0,74.1,-598435.3,0.99,0.0,0.0,0
1790717672.32,75.2,75.0,2.5,-0.0,175.0,0.0,74.1,-598435.3,0.99,0.0,0.0,0
1790717672.83,75.7,75.0,2.5,-0.0,175.0,0.0,74.1,-598435.3,0.99,0.0,0.0,0
1790717673.33,76.2,75.0,2.5,-0.0,175.0,0.0,74.1,-598435.3,0.99,0.0,0.0,0
1790717673.83,76.7,75.0,2.5,-0.0,175.0,0.0,74.1,-598435.3,0.99,0.0,0.0,0
1790717674.33,77.2,75.0,2.5,-0.0,175.0,0.0,74.1,-598435.3,0.99,0.0,0.0,0
1790717674.83,77.7,75.0,2.5,-0.0,175.0,0.0,74.1,-598435.3,0.99,0.0,0.0,0
1790717675.33,78.2,75.0,2.5,-0.0,175.0,0.0,74.1,-598435.3,0.99,0.0,0.0,0
1790717675.83,78.7,75.0,2.5,-0.0,175.0,0.0,74.1,-598435.3,0.99,0.0,0.0,0
1790717676.33,79.2,75.0,2.5,-0.0,175.0,0.0,74.1,-598435.3,0.99,0.0,0.0,0
1790717676.84,79.7,75.0,2.5,-0.0,175.0,0.0,74.1,-598435.3,0.99,0.0,0.0,0
1790717677.34,80.2,75.0,2.5,-0.0,175.0,0.0,74.1,-598435.3,0.99,0.0,0.0,0
1790717677.84,80.7,75.0,2.5,-0.0,175.0,0.0,74.1,-598435.3,0.99,0.0,0.0,0
1790717678.34,81.2,75.0,2.5,-0.0,175.0,0.0,74.1,-598435.3,0.99,0.0,0.0,0
1790717678.84,81.7,75.0,2.5,-0.0,175.0,0.0,74.1,-598435.3,0.99,0.0,0.0,0
1790717679.34,82.2,75.0,2.5,-0.0,175.0,0.0,74.1,-598435.3,0.99,0.0,0.0,0
1790717679.84,82.7,75.0,2.5,-0.0,175.0,0.0,74.1,-598435.3,0.99,0.0,0.0,0
1790717680.35,83.3,75.0,2.5,-0.0,175.0,0.0,74.1,-598435.3,0.99,0.0,0.0,0
1790717680.85,83.8,75.0,2.5,-0.0,175.0,0.0,74.1,-598435.3,0.99,0.0,0.0,0
1790717681.35,84.3,75.0,2.5,-0.0,175.0,0.0,74.1,-598435.3,0.99,0.0,0.0,0
1790717681.85,84.8,75.0,2.5,-0.0,175.0,0.0,74.1,-598435.3,0.99,0.0,0.0,0
1790717682.35,85.3,75.0,2.5,-0.0,175.0,0.0,74.1,-598435.3,0.99,0.0,0.0,0
1790717682.85,85.8,75.0,2.5,-0.0,175.0,0.0,74.1,-598435.3,0.99,0.0,0.0,0
1790717683.35,86.3,75.0,2.5,-0.0,175.0,0.0,74.1,-598435.3,0.99,0.0,0.0,0
1790717683.85,86.8,75.0,2.5,-0.0,175.0,0.0,74.1,-598435.3,0.99,0.0,0.0,0
1790717684.36,87.3,75.0,2.5,-0.0,175.0,0.0,74.1,-598435.3,0.99,0.0,0.0,0
1790717684.86,87.8,75.0,2.5,-0.0,175.0,0.0,74.1,-598435.3,0.99,0.0,0.0,0
1790717685.36,88.3,75.0,2.5,-0.0,175.0,0.0,74.1,-598435.3,0.99,0.0,0.0,0
1790717685.86,88.8,75.0,2.5,-0.0,175.0,0.0,74.1,-598435.3,0.99,0.0,0.0,0
1790717686.36,89.3,75.0,2.5,-0.0,175.0,0.0,74.1,-598435.3,0.99,0.0,0.0,0
1790717686.86,89.8,75.0,2.5,-0.0,175.0,0.0,74.1,-598435.3,0.99,0.0,0.0,0
1790717687.36,90.3,75.0,2.5,-0.0,175.0,0.0,74.1,-598435.3,0.99,0.0,0.0,0
1790717687.86,90.8,75.0,2.5,-0.0,175.0,0.0,74.1,-598435.3,0.99,0.0,0.0,0
1790717688.37,91.3,75.0,2.5,-0.0,175.0,0.0,74.1,-598435.3,0.99,0.0,0.0,0
1790717688.87,91.8,75.0,2.5,-0.0,175.0,0.0,74.1,-598435.3,0.99,0.0,0.0,0
1790717689.37,92.3,75.0,2.5,-0.0,175.0,0.0,74.1,-598435.3,0.99,0.0,0.0,0
1790717689.87,92.8,75.0,2.5,-0.0,175.0,0.0,74.1,-598435.3,0.99,0.0,0.0,0
1790717690.37,93.3,75.0,2.5,-0.0,175.0,0.0,74.1,-598435.3,0.99,0.0,0.0,0
1790717690.88,93.8,75.0,2.5,-0.0,175.0,0.0,74.1,-598435.3,0.99,0.0,0.0,0
1790717691.38,94.3,75.0,2.5,-0.0,175.0,0.0,74.1,-598435.3,0.99,0.0,0.0,0
1790717691.88,94.8,75.0,2.5,-0.0,175.0,0.0,74.1,-598435.3,0.99,0.0,0.0,0
1790717692.38,95.3,75.0,2.5,-0.0,175.0,0.0,74.1,-598435.3,0.99,0.0,0.0,0
1790717692.88,95.8,75.0,2.5,-0.0,175.0,0.0,74.1,-598435.3,0.99,0.0,0.0,0
1790717693.38,96.3,75.0,2.5,-0.0,175.0,0.0,74.1,-598435.3,0.99,0.0,0.0,0
1790717693.88,96.8,75.0,2.5,-0.0,175.0,0.0,74.1,-598435.3,0.99,0.0,0.0,0
1790717694.39,97.3,75.0,2.5,-0.0,175.0,0.0,74.1,-598435.3,0.99,0.0,0.0,0
1790717694.89,97.8,75.0,2.5,-0.0,175.0,0.0,74.1,-598435.3,0.99,0.0,0.0,0
1790717695.39,98.3,75.0,2.5,-0.0,175.0,0.0,74.1,-598435.3,0.99,0.0,0.0,0
1790717695.89,98.8,75.0,2.5,-0.0,175.0,0.0,74.1,-598435.3,0.99,0.0,0.0,0
1790717696.39,99.3,75.0,2.5,-0.0,175.0,0.0,74.1,-598435.3,0.99,0.0,0.0,0
1790717696.89,99.8,75.0,2.5,-0.0,175.0,0.0,74.1,-598435.3,0.99,0.0,0.0,0
1790717697.39,100.3,75.0,2.5,-0.0,175.0,0.0,74.1,-598435.3,0.99,0.0,0.0,0
1790717697.9,100.8,75.0,2.5,-0.0,175.0,0.0,74.1,-598435.3,0.99,0.0,0.0,0
1790717698.4,101.3,75.0,2.5,-0.0,175.0,0.0,74.1,-598435.3,0.99,0.0,0.0,0
1790717698.9,101.8,75.0,2.5,-0.0,175.0,0.0,74.1,-598435.3,0.99,0.0,0.0,0
1790717699.4,102.3,75.0,2.5,-0.0,175.0,0.0,74.1,-598435.3,0.99,0.0,0.0,0
1790717699.9,102.8,75.0,2.5,-0.0,175.0,0.0,74.1,-598435.3,0.99,0.0,0.0,0
1790717700.4,103.3,75.0,2.5,-0.0,175.0,0.0,74.1,-598435.3,0.99,0.0,0.0,0
1790717700.9,103.8,75.0,2.5,-0.0,175.0,0.0,74.1,-598435.3,0.99,0.0,0.0,0
1790717701.41,104.3,75.0,2.5,-0.0,175.0,0.0,74.1,-598435.3,0.99,0.0,0.0,0
1790717701.91,104.8,75.0,2.5,-0.0,175.0,0.0,74.1,-598435.3,0.99,0.0,0.0,0
1790717702.41,105.3,75.0,2.5,-0.0,175.0,0.0,74.1,-598435.3,0.99,0.0,0.0,0
1790717702.91,105.8,75.0,2.5,-0.0,175.0,0.0,74.1,-598435.3,0.99,0.0,0.0,0
1790717703.41,106.3,75.0,2.5,-0.0,175.0,0.0,74.1,-598435.3,0.99,0.0,0.0,0
1790717703.91,106.8,75.0,2.5,-0.0,175.0,0.0,74.1,-598435.3,0.99,0.0,0.0,0
1790717704.41,107.3,75.0,2.5,-0.0,175.0,0.0,74.1,-598435.3,0.99,0.0,0.0,0
1790717704.91,107.8,75.0,2.5,-0.0,175.0,0.0,74.1,-598435.3,0.99,0.0,0.0,0
1790717705.42,108.3,75.0,2.5,-0.0,175.0,0.0,74.1,-598435.3,0.99,0.0,0.0,0
1790717705.92,108.8,75.0,2.5,-0.0,175.0,0.0,74.1,-598435.3,0.99,0.0,0.0,0
1790717706.42,109.3,75.0,2.5,-0.0,175.0,0.0,74.1,-598435.3,0.99,0.0,0.0,0
1790717706.92,109.8,75.0,2.5,-0.0,175.0,0.0,74.1,-598435.3,0.99,0.0,0.0,0
1790717707.42,110.3,75.0,2.5,-0.0,175.0,0.0,74.1,-598435.3,0.99,0.0,0.0,0
1790717707.92,110.8,75.0,2.5,-0.0,175.0,0.0,74.1,-598435.3,0.99,0.0,0.0,0
1790717708.42,111.3,75.0,2.5,-0.0,175.0,0.0,74.1,-598435.3,0.99,0.0,0.0,0
1790717708.92,111.8,75.0,2.5,-0.0,175.0,0.0,74.1,-598435.3,0.99,0.0,0.0,0
1790717709.43,112.3,75.0,2.5,-0.0,175.0,0.0,74.1,-598435.3,0.99,0.0,0.0,0
1790717709.93,112.8,75.0,2.5,-0.0,175.0,0.0,74.1,-598435.3,0.99,0.0,0.0,0
1790717710.43,113.3,75.0,2.5,-0.0,175.0,0.0,74.1,-598435.3,0.99,0.0,0.0,0
1790717710.93,113.8,75.0,2.5,-0.0,175.0,0.0,74.1,-598435.3,0.99,0.0,0.0,0
1790717711.43,114.3,75.0,2.5,-0.0,175.0,0.0,74.1,-598435.3,0.99,0.0,0.0,0
1790717711.93,114.8,75.0,2.5,-0.0,175.0,0.0,74.1,-598435.3,0.99,0.0,0.0,0
1790717712.43,115.3,75.0,2.5,-0.0,175.0,0.0,74.1,-598435.3,0.99,0.0,0.0,0
1790717712.94,115.8,75.0,2.5,-0.0,175.0,0.0,74.1,-598435.3,0.99,0.0,0.0,0
1790717713.44,116.3,75.0,2.5,-0.0,175.0,0.0,74.1,-598435.3,0.99,0.0,0.0,0
1790717713.94,116.8,75.0,2.5,-0.0,175.0,0.0,74.1,-598435.3,0.99,0.0,0.0,0
1790717714.44,117.3,75.0,2.5,-0.0,175.0,0.0,74.1,-598435.3,0.99,0.0,0.0,0
1790717714.94,117.8,75.0,2.5,-0.0,175.0,0.0,74.1,-598435.3,0.99,0.0,0.0,0
1790717715.44,118.3,75.0,2.5,-0.0,175.0,0.0,74.1,-598435.3,0.99,0.0,0.0,0
1790717715.94,118.8,75.0,2.5,0.0,175.0,0.0,74.1,-598435.3,0.99,0.0,1.0,0
1790717716.45,119.4,75.0,2.5,-0.0,175.0,0.0,74.1,-598435.3,0.99,0.0,1.0,0
1790717716.95,119.9,75.0,2.5,-0.0,175.0,0.0,74.1,-598435.3,0.99,0.0,1.0,0
1790717717.45,120.4,75.0,2.5,0.5,175.0,0.5,74.1,-598435.3,1.13,0.15,1.0,0
1790717717.95,120.9,75.3,2.8,2.6,175.0,2.6,74.7,-598435.3,1.65,3.7,1.0,0
1790717718.45,121.4,77.5,5.1,8.0,175.1,8.0,79.9,-598435.6,2.31,35.94,1.0,0
1790717718.95,121.9,83.2,10.7,14.5,175.5,14.5,93.1,-598436.2,2.33,118.62,1.0,0
1790717719.45,122.4,91.8,19.3,20.9,176.1,20.9,113.2,-598437.6,2.34,244.34,1.0,0
1790717719.95,122.9,103.9,31.4,27.5,176.8,27.5,141.8,-598440.1,2.35,424.26,1.0,0
1790717720.46,123.4,118.7,46.2,33.9,177.8,33.9,176.8,-598443.5,2.36,644.17,1.0,0
1790717720.96,123.9,137.4,64.9,40.6,178.9,40.6,221.1,-598447.4,2.36,922.2,1.0,0
1790717721.46,124.4,159.5,87.0,47.3,180.4,47.3,273.5,-598451.6,2.37,1249.45,1.0,0
1790717721.96,124.9,184.9,112.4,54.1,182.0,54.1,333.9,-598456.2,2.37,1624.55,1.0,0
1790717722.46,125.4,213.7,141.2,60.8,183.8,60.8,402.2,-598461.7,2.36,2045.23,1.0,0
1790717722.96,125.9,245.8,173.3,67.4,185.8,67.5,478.2,-598467.5,2.36,2510.07,1.0,0
1790717723.47,126.4,279.8,207.3,73.8,187.9,73.8,558.4,-598473.5,2.35,2993.88,1.0,0
1790717723.97,126.9,320.0,247.5,80.6,190.3,80.7,652.9,-598480.6,2.34,3558.2,1.0,0
1790717724.47,127.4,362.0,289.6,87.2,192.8,87.2,751.0,-598487.8,2.32,4135.08,1.0,0
1790717724.97,127.9,407.3,334.8,93.6,195.4,93.6,856.0,-598495.4,2.31,4742.22,1.0,0
1790717725.47,128.4,455.7,383.3,99.9,198.1,100.0,967.5,-598503.5,2.29,5375.78,1.0,0
1790717725.97,128.9,507.3,434.8,106.2,200.9,106.3,1085.4,-598511.9,2.27,6032.41,1.0,0
1790717726.48,129.4,562.0,489.6,112.3,203.8,112.4,1209.4,-598520.7,2.25,6709.01,1.0,0
1790717726.98,129.9,619.7,547.3,118.4,206.7,118.5,1339.3,-598529.9,2.23,7402.72,1.0,0
1790717727.48,130.4,680.5,608.1,124.4,209.7,124.5,1474.9,-598539.4,2.21,8110.86,1.0,0
1790717727.98,130.9,744.2,672.1,130.3,212.8,130.5,1616.1,-598549.2,2.2,8830.92,1.0,0
1790717728.48,131.4,810.9,739.3,136.1,216.0,136.3,1762.6,-598559.4,2.18,9557.33,1.0,0
1790717728.98,131.9,880.4,809.3,141.8,219.1,142.0,1914.4,-598569.9,2.16,10297.39,1.0,0
1790717729.48,132.4,955.7,885.1,147.7,222.5,148.0,2077.7,-598581.1,2.15,11069.13,1.0,0
1790717729.98,132.9,1031.0,961.0,153.3,225.7,153.6,2239.8,-598592.2,2.13,11814.17,1.0,0
1790717730.49,133.4,1105.9,1036.6,158.5,228.9,158.9,2399.9,-598603.1,2.12,12530.21,1.0,0
1790717730.99,133.9,1189.9,1121.3,164.2,232.3,164.6,2578.3,-598615.2,2.1,13304.66,1.0,0
1790717731.49,134.4,1270.0,1202.0,169.3,235.5,169.7,2747.3,-598626.7,2.09,14016.44,1.0,0
1790717731.99,134.9,1359.5,1292.0,174.8,238.9,175.3,2935.0,-598639.4,2.07,14782.07,1.0,0
1790717732.49,135.4,1444.7,1377.1,179.8,242.1,180.3,3112.3,-598651.3,2.06,15481.88,1.0,0
1790717733.0,135.9,1536.0,1468.3,185.0,245.4,185.5,3301.0,-598664.0,2.04,16201.86,1.0,0
1790717733.5,136.4,1633.6,1566.0,190.2,248.9,190.8,3501.5,-598677.5,2.03,16938.93,1.0,0
1790717734.0,136.9,1726.1,1658.5,195.0,252.1,195.7,3690.2,-598690.1,2.01,17598.49,1.0,0
1790717734.5,137.4,1828.9,1761.3,200.1,255.5,200.8,3898.3,-598704.0,2.0,18315.63,1.0,0
1790717735.0,137.9,1930.2,1862.7,205.0,258.8,205.7,4102.1,-598717.6,1.98,18980.63,1.0,0
1790717735.5,138.4,2034.0,1966.4,209.8,262.0,210.6,4309.2,-598731.3,1.97,19628.2,1.0,0
1790717736.0,138.9,2140.1,2072.5,214.5,265.3,215.3,4519.5,-598745.3,1.95,20257.13,1.0,0
1790717736.5,139.4,2248.5,2180.9,219.1,268.5,220.0,4733.0,-598759.4,1.94,20866.43,1.0,0
1790717737.01,139.9,2359.2,2291.7,223.6,271.7,224.6,4949.4,-598773.8,1.93,21455.27,1.0,0
1790717737.51,140.4,2472.2,2404.7,228.1,274.9,229.2,5168.9,-598788.2,1.91,22023.06,1.0,0
1790717738.01,140.9,2587.4,2519.9,232.6,278.1,233.7,5391.2,-598802.9,1.9,22569.37,1.0,0
1790717738.51,141.4,2704.8,2637.3,236.9,281.2,238.2,5616.4,-598817.7,1.89,23093.96,1.0,0
1790717739.01,141.9,2824.4,2756.9,241.2,284.3,242.6,5844.5,-598832.7,1.88,23596.75,1.0,0
1790717739.51,142.4,2946.2,2878.6,245.5,287.4,246.9,6075.4,-598847.8,1.86,24077.8,1.0,0
1790717740.01,142.9,3070.0,3002.5,249.7,290.5,251.2,6309.2,-598863.1,1.85,24537.29,1.0,0
1790717740.52,143.4,3195.9,3128.4,253.9,293.6,255.4,6546.0,-598878.6,1.85,24975.5,1.0,0
1790717741.02,143.9,3221.4,3153.9,254.7,294.2,256.3,6593.7,-598881.7,1.84,25044.46,1.0,0
1790717741.52,144.4,3355.0,3287.4,259.0,297.3,260.7,6843.6,-598897.9,1.84,25489.82,1.0,0
1790717742.02,144.9,3480.2,3412.7,262.9,300.2,264.7,7077.2,-598913.1,1.83,25866.34,1.0,0
1790717742.52,145.4,3612.7,3545.2,266.9,303.3,268.9,7323.6,-598929.1,1.82,26238.88,1.0,0
1790717743.02,145.9,3736.4,3668.9,270.6,306.1,272.7,7553.1,-598943.9,1.82,26564.22,1.0,0
1790717743.53,146.4,3818.0,3750.5,273.0,307.9,275.1,7704.2,-598953.7,1.82,26767.58,1.0,0
1790717744.03,146.9,3944.5,3877.0,276.7,310.7,278.9,7938.2,-598968.7,1.81,27066.05,1.0,0
1790717744.53,147.4,4072.6,4005.2,280.4,313.4,282.7,8175.1,-598983.9,1.81,27348.58,1.0,0
1790717745.03,147.9,4072.6,4005.2,280.4,313.4,282.7,8175.1,-598983.9,1.81,27348.58,1.0,0
1790717745.53,148.4,4193.5,4126.0,269.3,303.9,271.6,7977.4,-598971.0,1.62,24842.71,1.0,0
1790717746.03,148.9,4324.9,4257.4,257.2,293.7,259.4,7776.3,-598956.9,1.49,22292.5,1.0,0
1790717746.53,149.4,4450.5,4383.0,245.6,284.1,247.9,7599.0,-598943.5,1.37,20022.59,1.0,0
1790717747.03,149.9,4565.7,4498.2,235.0,275.4,237.3,7448.2,-598931.3,1.28,18071.19,1.0,0
1790717747.54,150.4,4680.4,4612.9,224.4,266.8,226.7,7308.9,-598919.2,1.18,16247.48,1.0,0
1790717748.04,150.9,4785.7,4718.2,214.7,259.1,216.9,7190.8,-598908.1,1.09,14675.69,1.0,0
1790717748.54,151.4,4890.5,4823.0,204.9,251.5,207.2,7082.5,-598897.1,1.01,13205.13,1.0,0
1790717749.04,151.9,4990.5,4923.1,195.6,244.4,197.9,6987.7,-598886.7,0.92,11886.81,1.0,0
1790717749.54,152.4,5086.0,5018.5,186.7,237.6,189.0,6905.3,-598877.0,0.84,10704.33,1.0,0
1790717750.04,152.9,5177.1,5109.6,178.1,231.4,180.5,6833.7,-598867.8,0.77,9642.82,1.0,0
1790717750.54,153.4,5267.4,5200.0,169.6,225.2,172.0,6769.7,-598858.9,0.69,8652.73,1.0,0
1790717751.05,154.0,5346.9,5279.5,162.1,219.9,164.5,6718.8,-598851.3,0.63,7830.25,1.0,0
1790717751.55,154.5,5426.0,5358.6,154.5,214.8,157.0,6673.2,-598843.8,0.56,7055.81,1.0,0
1790717752.05,155.0,5501.4,5433.9,147.3,209.9,149.7,6633.9,-598836.9,0.51,6353.03,1.0,0
1790717752.55,155.5,5573.2,5505.7,140.2,205.3,142.7,6600.3,-598830.4,0.46,5718.8,1.0,0
1790717753.05,156.0,5644.2,5576.7,133.1,200.8,135.7,6570.3,-598824.1,0.41,5122.9,1.0,0
1790717753.55,156.5,5709.0,5641.5,126.5,196.8,129.2,6545.8,-598818.3,0.37,4600.97,1.0,0
1790717754.05,157.0,5768.2,5600.8,120.4,193.1,123.1,6525.5,-598813.2,0.34,4143.22,1.0,0
1790717754.55,157.5,5826.8,5651.3,114.1,189.5,116.9,6507.7,-598808.2,0.3,3709.3,1.0,0
1790717755.06,158.0,5882.3,5706.8,108.0,186.1,110.9,6492.5,-598803.4,0.27,3312.99,1.0,0
1790717755.56,158.5,5934.7,5759.3,102.1,183.0,105.1,6479.6,-598799.0,0.24,2951.43,1.0,0
1790717756.06,159.0,5984.3,5808.8,96.3,180.0,99.3,6468.8,-598794.8,0.22,2621.51,1.0,0
1790717756.56,159.5,6029.1,5853.6,90.8,177.3,94.0,6460.1,-598791.0,0.19,2331.45,1.0,0
1790717757.06,160.0,6073.0,5905.5,85.2,174.7,88.5,6452.5,-598787.3,0.17,2056.57,1.0,0
1790717757.56,160.5,6114.2,6046.6,79.7,172.3,83.2,6446.3,-598783.8,0.15,1805.68,1.0,0
1790717758.06,161.0,6152.6,6085.1,74.2,170.0,78.0,6441.1,-598780.6,0.13,1577.19,1.0,0
1790717758.57,161.5,6188.3,6120.8,68.9,167.9,72.8,6437.0,-598777.5,0.12,1370.17,1.0,0
1790717759.07,162.0,6222.7,6155.2,63.4,165.9,67.6,6433.5,-598774.5,0.1,1175.87,1.0,0
1790717759.57,162.5,6253.0,6185.5,58.3,164.2,62.7,6430.9,-598771.8,0.09,1007.49,1.0,0
1790717760.07,163.0,6280.8,6213.3,53.1,162.6,57.9,6428.9,-598769.3,0.08,856.3,1.0,0
1790717760.57,163.5,6305.1,6237.6,48.3,161.2,53.5,6427.3,-598767.0,0.07,726.41,1.0,0
1790717761.07,164.0,6327.9,6260.4,43.2,159.9,48.9,6426.1,-598764.7,0.06,606.17,1.0,0
1790717761.57,164.5,6348.3,6280.7,38.3,158.7,44.5,6425.3,-598762.5,0.05,500.54,1.0,0
1790717762.08,165.0,6366.1,6298.6,33.3,157.7,40.3,6424.6,-598760.4,0.04,408.87,1.0,0
1790717762.58,165.5,6381.5,6314.0,28.4,156.9,36.3,6424.2,-598758.3,0.03,330.6,1.0,0
1790717763.08,166.0,6394.5,6326.9,23.6,156.2,32.5,6424.0,-598756.2,0.03,265.23,1.0,0
1790717763.58,166.5,6405.0,6337.5,18.7,155.7,29.1,6423.8,-598754.1,0.03,212.36,1.0,0
1790717764.08,167.0,6413.2,6345.6,14.0,155.3,26.2,6423.8,-598752.1,0.03,171.61,1.0,0
1790717764.58,167.5,6419.0,6351.4,9.2,155.1,23.9,6423.8,-598750.1,0.03,142.67,1.0,0
1790717765.08,168.0,6422.4,6354.8,4.5,155.0,22.3,6423.8,-598747.6,0.04,124.72,1.0,0
1790717765.59,168.5,6423.4,6355.8,-0.3,158.5,18.3,6423.7,-598689.3,0.87,83.97,1.0,0
1790717766.09,169.0,6422.0,6354.3,-4.2,164.5,13.1,6423.4,-598588.9,1.14,42.7,1.0,0
1790717766.59,169.5,6419.1,6351.5,-7.0,168.0,11.4,6422.2,-598529.9,0.83,32.58,1.0,0
1790717767.09,170.0,6415.6,6347.9,-9.3,170.3,11.5,6420.0,-598490.2,0.64,33.18,1.0,0
1790717767.59,170.5,6410.7,6343.1,-11.1,172.2,12.2,6416.8,-598459.4,0.72,37.2,1.0,0
1790717768.09,171.0,6404.9,6337.3,-12.1,173.7,12.6,6412.1,-598433.4,0.84,39.66,1.0,0
1790717768.59,171.5,6398.5,6330.9,-12.6,174.7,12.8,6406.6,-598414.5,0.9,41.19,1.0,0
1790717769.09,172.0,6391.5,6323.9,-12.9,175.6,13.0,6400.6,-598399.8,0.93,42.23,1.0,0
1790717769.6,172.5,6385.4,6317.8,-12.7,176.3,12.7,6394.2,-598386.7,1.04,40.61,1.0,0
1790717770.1,173.0,6379.8,6312.1,-12.1,176.6,12.1,6387.3,-598379.6,1.07,36.75,1.0,0
1790717770.6,173.5,6373.7,6306.0,-11.6,176.8,11.6,6380.6,-598375.6,1.05,34.02,1.0,0
1790717771.1,174.0,6367.4,6299.7,-11.8,176.9,11.8,6375.0,-598373.6,0.92,35.24,1.0,0
1790717771.6,174.5,6361.1,6293.5,-12.2,176.9,12.2,6369.5,-598374.7,0.9,37.83,1.0,0
1790717772.1,175.0,6355.4,6287.8,-12.4,176.9,12.4,6363.5,-598374.2,0.97,39.03,1.0,0
1790717772.6,175.5,6349.3,6281.7,-12.6,177.0,12.6,6357.4,-598372.3,0.95,39.79,1.0,0
1790717773.11,176.0,6342.7,6275.1,-12.7,177.1,12.7,6351.3,-598371.1,0.95,40.63,1.0,0
1790717773.64,176.6,6337.8,6270.2,-12.8,177.2,12.8,6346.8,-598369.6,0.95,41.24,1.0,0
1790717774.15,177.1,6331.4,6263.8,-12.6,177.4,12.6,6340.0,-598366.5,1.02,40.1,1.0,0
1790717774.65,177.6,6325.6,6258.0,-12.2,177.3,12.2,6333.3,-598366.8,1.05,37.49,1.0,0
1790717775.15,178.1,6319.4,6251.8,-12.4,177.3,12.4,6327.5,-598367.7,0.94,38.75,1.0,0
1790717775.65,178.6,6312.9,6245.3,-12.2,177.2,12.2,6321.2,-598369.1,1.0,37.98,1.0,0
1790717776.15,179.1,6306.8,6239.2,-12.5,177.1,12.5,6315.4,-598371.3,0.9,39.64,1.0,0
1790717776.65,179.6,6300.8,6233.2,-13.0,177.2,13.0,6309.6,-598371.0,0.9,42.95,1.0,0
1790717777.15,180.1,6294.3,6226.7,-13.1,177.2,13.1,6303.2,-598370.1,0.96,43.61,1.0,0
1790717777.66,180.6,6287.3,6219.8,-13.1,177.3,13.1,6296.7,-598369.3,0.97,43.95,1.0,0
1790717778.19,181.1,6281.0,6213.4,-12.7,177.3,12.7,6289.9,-598367.9,1.08,41.1,1.0,0
1790717778.69,181.6,6274.9,6207.3,-12.4,177.3,12.4,6283.0,-598368.1,1.03,39.23,1.0,0
1790717779.19,182.1,6268.7,6201.1,-12.8,177.3,12.8,6277.2,-598368.9,0.89,41.77,1.0,0
1790717779.7,182.6,6262.0,6194.3,-12.5,177.2,12.5,6270.4,-598369.7,1.07,39.88,1.0,0
1790717780.2,183.1,6255.8,6188.1,-12.4,177.2,12.4,6264.4,-598370.2,1.01,39.46,1.0,0
1790717780.7,183.6,6251.1,6183.4,-12.7,177.2,12.7,6259.7,-598369.9,0.91,41.21,1.0,0
1790717781.2,184.1,6245.6,6178.0,-13.4,177.3,13.4,6254.9,-598369.5,0.82,45.69,1.0,0
1790717781.7,184.6,6238.4,6170.8,-13.8,177.3,13.8,6248.5,-598369.2,0.9,48.93,1.0,0
1790717782.2,185.1,6231.1,6163.4,-13.8,177.3,13.8,6241.5,-598369.3,1.0,48.96,1.0,0
1790717782.7,185.6,6224.4,6156.8,-12.9,177.2,12.9,6233.6,-598370.4,1.17,42.88,1.0,0
1790717783.21,186.1,6218.8,6151.2,-12.3,177.1,12.3,6226.8,-598371.1,1.11,39.14,1.0,0
1790717783.71,186.6,6212.1,6144.5,-13.2,177.2,13.2,6221.3,-598371.1,0.8,44.72,1.0,0
1790717784.21,187.1,6205.5,6137.9,-12.9,177.2,12.9,6214.6,-598370.8,1.05,42.93,1.0,0
1790717784.71,187.6,6199.1,6131.5,-12.6,177.3,12.6,6207.8,-598369.1,1.05,40.86,1.0,0
1790717785.21,188.1,6193.1,6125.5,-12.8,177.3,12.8,6201.7,-598368.4,0.94,42.0,1.0,0
1790717785.71,188.6,6186.7,6119.1,-13.2,177.3,13.2,6195.9,-598368.7,0.87,45.09,1.0,0
1790717786.22,189.1,6179.6,6112.0,-13.8,177.4,13.8,6189.9,-598369.2,0.86,49.34,1.0,0
1790717786.72,189.6,6172.4,6104.8,-13.1,177.2,13.1,6181.8,-598371.5,1.16,44.17,1.0,0
1790717787.22,190.1,6166.4,6098.8,-12.4,177.1,12.4,6174.6,-598372.9,1.1,39.61,1.0,0
1790717787.72,190.6,6160.8,6093.2,-12.4,177.1,12.4,6168.9,-598372.5,0.95,39.85,1.0,0
1790717788.22,191.1,6154.3,6086.7,-12.4,177.1,12.4,6162.8,-598371.6,0.97,40.07,1.0,0
1790717788.72,191.6,6148.0,6080.3,-12.3,177.2,12.3,6156.4,-598369.3,1.02,39.31,1.0,0
1790717789.22,192.1,6142.1,6074.4,-12.7,177.3,12.7,6150.7,-598368.3,0.88,41.81,1.0,0
1790717789.72,192.6,6135.7,6068.0,-13.3,177.3,13.3,6145.1,-598368.8,0.84,46.22,1.0,0
1790717790.23,193.1,6128.6,6061.0,-13.7,177.3,13.7,6138.8,-598369.7,0.9,49.14,1.0,0
1790717790.73,193.6,6121.6,6054.0,-13.2,177.2,13.2,6131.3,-598372.2,1.1,45.68,1.0,0
1790717791.23,194.1,6115.7,6048.1,-12.6,177.0,12.6,6124.3,-598373.7,1.08,41.61,1.0,0
1790717791.73,194.6,6109.4,6041.7,-12.2,177.0,12.2,6117.4,-598373.1,1.03,39.13,1.0,0
1790717792.23,195.1,6103.2,6035.6,-12.3,177.1,12.3,6111.6,-598371.8,0.95,39.54,1.0,0
1790717792.73,195.6,6097.1,6029.5,-12.2,177.2,12.2,6105.4,-598369.4,0.99,38.91,1.0,0
1790717793.24,196.1,6092.1,6024.5,-12.9,177.3,12.9,6101.0,-598368.7,0.81,43.24,1.0,0
1790717793.74,196.6,6085.6,6018.0,-13.3,177.3,13.3,6095.0,-598369.3,0.91,46.17,1.0,0
1790717794.24,197.1,6078.7,6011.1,-13.3,177.3,13.3,6088.4,-598370.5,0.97,46.68,1.0,0
1790717794.74,197.6,6072.0,6004.4,-12.9,177.1,12.9,6081.2,-598373.2,1.09,43.38,1.0,0
1790717795.24,198.1,6066.0,5998.4,-12.5,177.0,12.5,6074.3,-598374.2,1.03,40.84,1.0,0
1790717795.74,198.6,6059.9,5992.2,-12.0,177.0,12.0,6067.6,-598373.4,1.06,37.79,1.0,0
1790717796.24,199.1,6053.6,5986.0,-12.1,177.1,12.1,6061.7,-598371.7,0.94,38.31,1.0,0
1790717796.74,199.7,6047.6,5980.0,-12.3,177.3,12.3,6056.0,-598369.5,0.89,39.81,1.0,0
1790717797.25,200.2,6042.0,5974.4,-13.0,177.3,13.0,6051.0,-598369.3,0.83,44.41,1.0,0
1790717797.75,200.7,6035.7,5968.1,-13.0,177.3,13.0,6044.8,-598370.1,0.99,44.39,1.0,0
1790717798.25,201.2,6028.7,5961.1,-12.8,177.2,12.8,6037.8,-598372.0,1.01,43.36,1.0,0
1790717798.75,201.7,6023.0,5955.4,-12.3,177.0,12.3,6031.4,-598374.4,1.1,39.87,1.0,0
1790717799.34,202.2,6016.0,5948.3,-11.9,177.0,11.9,6023.5,-598374.4,1.11,37.27,1.0,0
1790717799.88,202.8,6011.9,5944.3,-11.6,177.0,11.6,6019.3,-598373.6,1.05,35.89,1.0,0
1790717800.55,203.5,6006.9,5939.3,-11.9,177.1,11.9,6014.8,-598372.1,0.92,37.3,1.0,0
1790717801.18,204.1,6001.0,5933.4,-12.3,177.2,12.3,6009.3,-598370.2,0.86,39.79,1.0,0
1790717802.02,204.9,6000.3,5932.7,-12.4,177.3,12.4,6008.7,-598370.1,0.83,40.6,1.0,0
1790717802.84,205.7,6000.3,5932.7,-12.4,177.3,12.4,6008.7,-598370.1,0.83,40.6,1.0,0
1790717803.77,206.7,6000.3,5932.7,-12.4,177.3,12.4,6008.7,-598370.1,0.83,40.6,1.0,0
1790717804.57,207.5,6000.1,5932.5,-12.4,177.3,12.4,6008.5,-598370.0,0.83,40.88,1.0,0
1790717805.36,208.3,6000.1,5932.5,-12.4,177.3,12.4,6008.5,-598370.0,0.83,40.88,1.0,0
1790717806.25,209.2,6000.1,5932.5,-12.4,177.3,12.4,6008.5,-598370.0,0.83,40.88,1.0,0
1790717807.14,210.0,5999.8,5932.2,-12.5,177.3,12.5,6008.4,-598370.0,0.83,41.17,1.0,0
1790717808.17,211.1,5999.8,5932.2,-12.5,177.3,12.5,6008.4,-598370.0,0.83,41.17,1.0,0
1790717809.29,212.2,5999.8,5932.2,-12.5,177.3,12.5,6008.4,-598370.0,0.83,41.17,1.0,0
1790717810.36,213.3,5999.8,5932.2,-12.5,177.3,12.5,6008.4,-598370.0,0.83,41.17,1.0,0
1790717811.21,214.1,5999.8,5932.2,-12.5,177.3,12.5,6008.4,-598370.0,0.83,41.17,1.0,0
1790717812.34,215.2,5999.8,5932.2,-12.5,177.3,12.5,6008.4,-598370.0,0.83,41.17,1.0,0
1790717813.75,216.7,5999.8,5932.2,-12.5,177.3,12.5,6008.4,-598370.0,0.83,41.17,1.0,0
1790717815.11,218.0,5999.8,5932.2,-12.5,177.3,12.5,6008.4,-598370.0,0.83,41.17,1.0,0
1790717816.06,219.0,5999.8,5932.2,-12.5,177.3,12.5,6008.4,-598370.0,0.83,41.18,1.0,0
1790717816.93,219.8,5999.8,5932.2,-12.5,177.3,12.5,6008.4,-598370.0,0.83,41.18,1.0,0
1790717817.93,220.8,5999.6,5932.0,-12.5,177.3,12.5,6008.2,-598370.0,0.82,41.45,1.0,0
1790717818.93,221.8,5999.4,5931.8,-12.5,177.3,12.5,6008.0,-598370.0,0.81,41.7,1.0,0
1790717819.63,222.5,5999.4,5931.8,-12.5,177.3,12.5,6008.0,-598370.0,0.81,41.7,1.0,0
1790717820.58,223.5,5999.4,5931.8,-12.5,177.3,12.5,6008.0,-598370.0,0.81,41.7,1.0,0
1790717821.92,224.8,5999.4,5931.8,-12.5,177.3,12.5,6008.0,-598370.0,0.81,41.7,1.0,0
1790717823.03,225.9,5999.4,5931.8,-12.5,177.3,12.5,6008.0,-598370.0,0.81,41.7,1.0,0
1790717824.73,227.6,5999.4,5931.8,-12.5,177.3,12.5,6008.0,-598370.0,0.81,41.7,1.0,0
1790717826.17,229.1,5999.4,5931.8,-12.5,177.3,12.5,6008.0,-598370.0,0.81,41.7,1.0,0
1790717827.61,230.5,5999.4,5931.8,-12.5,177.3,12.5,6008.0,-598370.0,0.81,41.7,1.0,0
1790717828.71,231.6,5999.4,5931.8,-12.5,177.3,12.5,6008.0,-598370.0,0.81,41.7,1.0,0
1790717829.44,232.3,5999.4,5931.8,-12.5,177.3,12.5,6008.0,-598370.0,0.81,41.7,1.0,0
1790717830.18,233.1,5999.4,5931.8,-12.5,177.3,12.5,6008.0,-598370.0,0.81,41.7,1.0,0
1790717831.05,234.0,5999.1,5931.5,-12.6,177.3,12.6,6007.8,-598369.9,0.8,41.94,1.0,0
1790717831.83,234.7,5999.1,5931.5,-12.6,177.3,12.6,6007.8,-598369.9,0.8,41.94,1.0,0
1790717832.73,235.6,5998.9,5931.3,-12.6,177.3,12.6,6007.5,-598369.9,0.8,42.16,1.0,0
1790717833.98,236.9,5998.9,5931.3,-12.6,177.3,12.6,6007.5,-598369.9,0.8,42.16,1.0,0
1790717835.29,238.2,5998.9,5931.3,-12.6,177.3,12.6,6007.5,-598369.9,0.8,42.16,1.0,0
1790717836.57,239.5,5998.9,5931.3,-12.6,177.3,12.6,6007.5,-598369.9,0.8,42.16,1.0,0
1790717837.52,240.4,5998.9,5931.3,-12.6,177.3,12.6,6007.5,-598369.9,0.8,42.16,1.0,0
1790717839.48,242.4,5998.9,5931.3,-12.6,177.3,12.6,6007.5,-598369.9,0.8,42.16,1.0,0
1790717841.82,244.7,5998.9,5931.3,-12.6,177.3,12.6,6007.5,-598369.9,0.8,42.16,1.0,0
1790717843.25,246.2,5998.9,5931.3,-12.6,177.3,12.6,6007.5,-598369.9,0.8,42.16,1.0,0
1790717845.02,247.9,5998.9,5931.3,-12.6,177.3,12.6,6007.5,-598369.9,0.8,42.16,1.0,0
1790717846.01,248.9,5998.9,5931.3,-12.6,177.3,12.6,6007.5,-598369.9,0.8,42.16,1.0,0
1790717847.21,250.1,5998.9,5931.3,-12.6,177.3,12.6,6007.5,-598369.9,0.8,42.16,1.0,0
1790717848.19,251.1,5998.9,5931.3,-12.6,177.3,12.6,6007.5,-598369.9,0.8,42.16,1.0,0
1790717849.17,252.1,5998.9,5931.3,-12.6,177.3,12.6,6007.5,-598369.9,0.8,42.16,1.0,0
1790717850.06,253.0,5998.9,5931.3,-12.6,177.3,12.6,6007.5,-598369.9,0.8,42.16,1.0,0
1790717851.13,254.0,5998.9,5931.3,-12.6,177.3,12.6,6007.5,-598369.9,0.8,42.16,1.0,0
1790717851.99,254.9,5998.6,5931.0,-12.6,177.3,12.6,6007.3,-598369.9,0.8,42.36,1.0,0
1790717852.91,255.8,5998.4,-1.0,-12.6,177.3,12.6,6007.1,-598369.9,0.8,42.36,1.0,0
1790717853.87,256.8,5998.4,5930.8,-12.7,177.3,12.7,6007.1,-598369.9,0.79,42.55,1.0,0
1790717854.73,257.6,5998.4,5930.8,-12.7,177.3,12.7,6007.1,-598369.9,0.79,42.55,1.0,0
1790717856.13,259.0,5998.4,5930.8,-12.7,177.3,12.7,6007.1,-598369.9,0.79,42.55,1.0,0
1790717857.16,260.1,5998.4,5930.8,-12.7,177.3,12.7,6007.1,-598369.9,0.79,42.55,1.0,0
1790717858.09,261.0,5998.4,5930.8,-12.7,177.3,12.7,6007.1,-598369.9,0.79,42.55,1.0,0
1790717859.29,262.2,5998.4,5930.8,-12.7,177.3,12.7,6007.1,-598369.9,0.79,42.55,1.0,0
1790717860.27,263.2,5998.4,5930.8,-12.7,177.3,12.7,6007.1,-598369.9,0.79,42.55,1.0,0
1790717861.28,264.2,5998.4,5930.8,-12.7,177.3,12.7,6007.1,-598369.9,0.79,42.55,1.0,0
1790717862.49,265.4,5998.2,5930.5,-12.7,177.3,12.7,6006.9,-598369.9,0.79,42.73,1.0,0
1790717863.71,266.6,5998.2,5930.5,-12.7,177.3,12.7,6006.9,-598369.9,0.79,42.73,1.0,0
1790717864.65,267.6,5997.9,5930.3,-12.7,177.3,12.7,6006.7,-598369.9,0.79,42.89,1.0,0
1790717865.6,268.5,5997.9,5930.3,-12.7,177.3,12.7,6006.7,-598369.9,0.79,42.89,1.0,0
1790717866.56,269.5,5997.9,5930.3,-12.7,177.3,12.7,6006.7,-598369.9,0.79,42.89,1.0,0
1790717867.75,270.7,5997.9,5930.3,-12.7,177.3,12.7,6006.7,-598369.9,0.79,42.89,1.0,0
1790717869.04,271.9,5997.9,5930.3,-12.7,177.3,12.7,6006.7,-598369.9,0.79,42.89,1.0,0
1790717870.41,273.3,5997.9,5930.3,-12.7,177.3,12.7,6006.7,-598369.9,0.79,42.89,1.0,0
1790717871.83,274.7,5997.7,5930.1,-12.7,177.3,12.7,6006.4,-598369.9,0.8,43.05,1.0,0
1790717873.07,276.0,5997.7,5930.1,-12.7,177.3,12.7,6006.4,-598369.9,0.8,43.05,1.0,0
1790717874.28,277.2,5997.4,5929.8,-12.8,177.3,12.8,6006.2,-598369.9,0.8,43.19,1.0,0
1790717876.49,279.4,5997.4,5929.8,-12.8,177.3,12.8,6006.2,-598369.9,0.8,43.19,1.0,0
1790717878.08,281.0,5997.4,5929.8,-12.8,177.3,12.8,6006.2,-598369.9,0.8,43.19,1.0,0
1790717879.68,282.6,5997.4,5929.8,-12.8,177.3,12.8,6006.2,-598369.9,0.8,43.19,1.0,0
1790717881.42,284.3,5997.4,5929.8,-12.8,177.3,12.8,6006.2,-598369.9,0.8,43.19,1.0,0
1790717883.69,286.6,5997.4,5929.8,-12.8,177.3,12.8,6006.2,-598369.9,0.8,43.19,1.0,0
1790717886.35,289.3,5997.4,5929.8,-12.8,177.3,12.8,6006.2,-598369.9,0.8,43.19,1.0,0
1790717888.69,291.6,5997.4,5929.8,-12.8,177.3,12.8,6006.2,-598369.9,0.8,43.19,1.0,0
1790717890.53,293.4,5997.4,5929.8,-12.8,177.3,12.8,6006.2,-598369.9,0.8,43.19,1.0,0
1790717891.9,294.8,5997.4,5929.8,-12.8,177.3,12.8,6006.2,-598369.9,0.8,43.19,1.0,0
1790717894.18,297.1,5997.4,5929.8,-12.8,177.3,12.8,6006.2,-598369.9,0.8,43.19,1.0,0
1790717895.95,298.9,5997.2,5929.6,-12.8,177.3,12.8,6006.0,-598369.9,0.8,43.32,1.0,0
1790717897.5,300.4,5996.9,5929.3,-12.8,177.3,12.8,6005.8,-598369.9,0.81,43.44,1.0,0
1790717899.16,302.1,5996.9,5929.3,-12.8,177.3,12.8,6005.8,-598369.9,0.81,43.44,1.0,0
1790717901.0,303.9,5996.9,5929.3,-12.8,177.3,12.8,6005.8,-598369.9,0.81,43.44,1.0,0
1790717903.77,306.7,5996.9,5929.3,-12.8,177.3,12.8,6005.8,-598369.9,0.81,43.44,1.0,0
1790717908.09,311.0,5996.9,5929.3,-12.8,177.3,12.8,6005.8,-598369.9,0.81,43.44,1.0,0
1790717912.52,315.4,5996.4,5928.8,-12.8,177.3,12.8,6005.3,-598369.9,0.82,43.65,1.0,0
1790717915.56,318.5,5996.4,5928.8,-12.8,177.3,12.8,6005.3,-598369.9,0.82,43.65,1.0,0
1790717918.27,321.2,5996.4,5928.8,-12.8,177.3,12.8,6005.3,-598369.9,0.82,43.65,1.0,0
