timestamp,UT,MET,altitude,radar_alt,vert_speed,orbital_vel,surface_vel,apoapsis,periapsis,g_force,dynamic_pressure,throttle,stage
1790969876.23,608035.1,0.0,78.0,5.5,0.0,175.0,0.0,74.3,-598435.3,0.99,0.0,1.0,0
1790969876.73,608035.1,0.5,78.0,5.5,0.0,175.0,0.0,74.3,-598435.3,0.99,0.0,1.0,0
1790969877.23,608035.1,1.0,78.0,5.5,0.0,175.0,0.0,74.3,-598435.3,0.99,0.0,1.0,0
1790969877.73,608035.1,1.5,78.0,5.5,0.0,175.0,0.0,74.3,-598435.3,0.99,0.0,1.0,0
1790969878.23,608035.2,2.0,78.0,5.5,0.0,175.0,0.0,74.3,-598435.3,0.99,0.0,1.0,0
1790969878.74,608035.2,2.5,78.0,5.5,0.0,175.0,0.0,74.3,-598435.3,0.99,0.0,1.0,0
1790969879.24,608035.2,3.0,78.0,5.5,0.0,175.0,0.0,74.3,-598435.3,0.99,0.0,1.0,0
1790969879.74,608035.2,3.5,78.0,5.5,0.0,175.0,0.0,74.3,-598435.3,0.99,0.0,1.0,0
1790969880.24,608035.3,4.0,78.0,5.5,0.0,175.0,0.0,74.3,-598435.3,0.99,0.0,1.0,0
1790969880.74,608035.3,4.5,78.0,5.5,0.0,175.0,0.0,74.3,-598435.3,0.99,0.0,1.0,0
1790969881.24,608035.3,5.0,78.0,5.5,0.0,175.0,0.0,74.3,-598435.3,0.99,0.0,1.0,0
1790969881.74,608035.3,5.5,78.0,5.5,0.0,175.0,0.0,74.3,-598435.3,0.99,0.0,1.0,0
1790969882.24,608035.3,6.0,78.0,5.5,0.0,175.0,0.0,74.3,-598435.3,0.99,0.0,1.0,0
1790969882.75,608035.3,6.5,78.0,5.5,0.0,175.0,0.0,74.3,-598435.3,0.99,0.0,1.0,0
1790969883.25,608035.4,7.0,78.0,5.5,0.0,175.0,0.0,74.3,-598435.3,0.99,0.0,1.0,0
1790969883.75,608035.4,7.5,78.0,5.5,0.0,175.0,0.0,74.3,-598435.3,0.99,0.0,1.0,0
1790969884.25,608035.4,8.0,78.0,5.5,0.0,175.0,0.0,74.3,-598435.3,0.99,0.0,1.0,0
1790969884.75,608035.4,8.5,78.0,5.5,0.0,175.0,0.0,74.3,-598435.3,0.99,0.0,1.0,0
1790969885.25,608035.5,9.0,78.0,5.5,0.0,175.0,0.0,74.3,-598435.3,0.99,0.0,1.0,0
1790969885.75,608035.5,9.5,78.0,5.5,0.0,175.0,0.0,74.3,-598435.3,0.99,0.0,1.0,0
1790969886.25,608035.5,10.0,78.0,5.5,0.0,175.0,0.0,74.3,-598435.3,0.99,0.0,1.0,0
1790969886.76,608035.5,10.5,78.0,5.5,0.0,175.0,0.0,74.3,-598435.3,0.99,0.0,1.0,0
1790969887.26,608035.5,11.0,78.0,5.5,0.0,175.0,0.0,74.3,-598435.3,0.99,0.0,1.0,0
1790969887.76,608035.5,11.5,78.0,5.5,0.0,175.0,0.0,74.3,-598435.3,0.99,0.0,1.0,0
1790969888.26,608035.5,12.0,78.0,5.5,0.0,175.0,0.0,74.3,-598435.3,0.99,0.0,1.0,0
1790969888.76,608035.6,12.5,78.0,5.5,0.0,175.0,0.0,74.3,-598435.3,0.99,0.0,1.0,0
1790969889.26,608035.6,13.0,78.0,5.5,0.0,175.0,0.0,74.3,-598435.3,0.99,0.0,1.0,0
1790969889.76,608035.6,13.5,78.0,5.5,0.0,175.0,0.0,74.3,-598435.3,0.99,0.0,1.0,0
1790969890.26,608035.6,14.0,78.0,5.5,0.0,175.0,0.0,74.3,-598435.3,0.99,0.0,1.0,0
1790969890.77,608035.7,14.5,78.0,5.5,0.0,175.0,0.0,74.3,-598435.3,0.99,0.0,1.0,0
1790969891.27,608035.7,15.0,78.0,5.5,0.0,175.0,0.0,74.3,-598435.3,0.99,0.0,1.0,0
1790969891.77,608035.7,15.5,78.0,5.5,0.0,175.0,0.0,74.3,-598435.3,0.99,0.0,1.0,0
1790969892.27,608035.7,16.0,78.0,5.5,0.0,175.0,0.0,74.3,-598435.3,0.99,0.0,1.0,0
1790969892.77,608035.7,16.5,78.0,5.5,0.0,175.0,0.0,74.3,-598435.3,0.99,0.0,1.0,0
1790969893.27,608035.7,17.0,78.0,5.5,0.0,175.0,0.0,74.3,-598435.3,0.99,0.0,1.0,0
1790969893.77,608035.8,17.5,78.0,5.5,0.0,175.0,0.0,74.3,-598435.3,0.99,0.0,1.0,0
1790969894.27,608035.8,18.0,78.0,5.5,0.0,175.0,0.0,74.3,-598435.3,0.99,0.0,1.0,0
1790969894.78,608035.8,18.5,78.0,5.5,0.0,175.0,0.0,74.3,-598435.3,0.99,0.0,1.0,0
1790969895.28,608035.8,19.0,78.0,5.5,0.0,175.0,0.0,74.3,-598435.3,0.99,0.0,1.0,0
1790969895.78,608035.9,19.6,78.0,5.5,-0.0,175.0,0.0,74.3,-598435.3,0.99,0.0,1.0,0
1790969896.28,608035.9,20.1,78.0,5.5,-0.0,175.0,0.0,74.3,-598435.3,0.99,0.0,1.0,0
1790969896.78,608035.9,20.6,78.0,5.5,-0.0,175.0,0.0,74.3,-598435.3,0.99,0.0,1.0,0
1790969897.28,608035.9,21.1,78.0,5.5,-0.0,175.0,0.0,74.3,-598435.3,0.99,0.0,1.0,0
1790969897.79,608035.9,21.6,78.0,5.5,0.0,175.0,0.0,74.3,-598435.3,0.99,0.0,1.0,0
1790969898.29,608035.9,22.1,78.0,5.5,0.0,175.0,0.0,74.3,-598435.3,0.99,0.0,1.0,0
1790969898.79,608036.0,22.6,78.0,5.5,0.0,175.0,0.0,74.3,-598435.3,0.99,0.0,1.0,0
1790969899.3,608036.0,23.1,78.0,5.5,0.0,175.0,0.0,74.3,-598435.3,0.99,0.0,1.0,0
1790969899.8,608036.0,23.6,78.0,5.5,0.0,175.0,0.0,74.3,-598435.3,0.99,0.0,1.0,0
1790969900.3,608036.0,24.1,78.0,5.5,0.0,175.0,0.0,74.3,-598435.3,0.99,0.0,1.0,0
1790969900.8,608036.1,24.6,78.0,5.5,0.0,175.0,0.0,74.3,-598435.3,0.99,0.0,1.0,0
1790969901.3,608036.1,25.1,78.0,5.5,0.0,175.0,0.0,74.3,-598435.3,0.99,0.0,1.0,0
1790969901.8,608036.1,25.6,78.0,5.5,0.0,175.0,0.0,74.3,-598435.3,0.99,0.0,1.0,0
1790969902.3,608036.1,26.1,78.0,5.5,0.0,175.0,0.0,74.3,-598435.3,0.99,0.0,1.0,0
1790969902.8,608036.1,26.6,78.0,5.5,0.0,175.0,0.0,74.3,-598435.3,0.99,0.0,1.0,0
1790969903.3,608036.1,27.1,78.0,5.5,0.0,175.0,0.0,74.3,-598435.3,0.99,0.0,1.0,0
1790969903.81,608036.2,27.6,78.0,5.5,0.0,175.0,0.0,74.3,-598435.3,0.99,0.0,1.0,0
1790969904.31,608036.2,28.1,78.0,5.5,0.0,175.0,0.0,74.3,-598435.3,0.99,0.0,1.0,0
1790969904.81,608036.2,28.6,78.0,5.5,0.0,175.0,0.0,74.3,-598435.3,0.99,0.0,1.0,0
1790969905.31,608036.2,29.1,78.0,5.5,0.0,175.0,0.0,74.3,-598435.3,0.99,0.0,1.0,0
1790969905.81,608036.3,29.6,78.0,5.5,0.0,175.0,0.0,74.3,-598435.3,0.99,0.0,1.0,0
1790969906.31,608036.3,30.1,78.0,5.5,0.0,175.0,0.0,74.3,-598435.3,0.99,0.0,1.0,0
1790969906.82,608036.3,30.6,78.0,5.5,0.0,175.0,0.0,74.3,-598435.3,1.0,0.0,1.0,0
1790969907.32,608036.3,31.1,78.0,5.5,0.0,175.0,0.0,74.3,-598435.3,1.0,0.0,1.0,0
1790969907.82,608036.3,31.6,78.0,5.5,0.0,175.0,0.0,74.3,-598435.3,0.99,0.0,1.0,0
1790969908.32,608036.3,32.1,78.0,5.5,0.0,175.0,0.0,74.3,-598435.3,0.99,0.0,1.0,0
1790969908.82,608036.4,32.6,78.0,5.5,0.0,175.0,0.0,74.3,-598435.3,0.99,0.0,1.0,0
1790969909.32,608036.4,33.1,78.0,5.5,0.0,175.0,0.0,74.3,-598435.3,0.99,0.0,1.0,0
1790969909.83,608036.4,33.6,78.0,5.5,0.0,175.0,0.0,74.3,-598435.3,0.99,0.0,1.0,0
1790969910.33,608036.4,34.1,78.0,5.5,0.0,175.0,0.0,74.3,-598435.3,0.99,0.0,1.0,0
1790969910.83,608036.5,34.6,78.0,5.5,0.0,175.0,0.0,74.3,-598435.3,0.99,0.0,1.0,0
1790969911.33,608036.5,35.1,78.0,5.5,0.0,175.0,0.0,74.3,-598435.3,0.99,0.0,1.0,0
1790969911.83,608036.5,35.6,78.0,5.5,0.0,175.0,0.0,74.3,-598435.3,0.99,0.0,1.0,0
1790969912.33,608036.5,36.1,78.0,5.5,0.0,175.0,0.0,74.3,-598435.3,0.99,0.0,1.0,0
1790969912.83,608036.5,36.6,78.0,5.5,0.0,175.0,0.0,74.3,-598435.3,0.99,0.0,1.0,0
1790969913.33,608036.5,37.1,78.0,5.5,0.0,175.0,0.0,74.3,-598435.3,0.99,0.0,1.0,0
1790969913.84,608036.6,37.6,78.0,5.5,0.0,175.0,0.0,74.3,-598435.3,0.99,0.0,1.0,0
1790969914.34,608036.6,38.1,78.0,5.5,0.0,175.0,0.0,74.3,-598435.3,0.99,0.0,1.0,0
1790969914.84,608036.6,38.6,78.0,5.5,0.0,175.0,0.0,74.3,-598435.3,0.99,0.0,1.0,0
1790969915.34,608036.6,39.1,78.0,5.5,0.0,175.0,0.0,74.3,-598435.3,0.99,0.0,1.0,0
1790969915.84,608036.7,39.6,78.0,5.5,0.0,175.0,0.0,74.3,-598435.3,0.99,0.0,1.0,0
1790969916.34,608036.7,40.1,78.0,5.5,0.0,175.0,0.0,74.3,-598435.3,0.99,0.0,1.0,0
1790969916.84,608036.7,40.6,78.0,5.5,0.0,175.0,0.0,74.3,-598435.3,0.99,0.0,1.0,0
1790969917.34,608036.7,41.1,78.0,5.5,0.0,175.0,0.0,74.3,-598435.3,0.99,0.0,1.0,0
1790969917.84,608036.7,41.6,78.0,5.5,0.0,175.0,0.0,74.3,-598435.3,0.99,0.0,1.0,0
1790969918.35,608036.7,42.1,78.0,5.5,0.0,175.0,0.0,74.3,-598435.3,0.99,0.0,1.0,0
1790969918.85,608036.8,42.6,78.0,5.5,0.0,175.0,0.0,74.3,-598435.3,0.99,0.0,1.0,0
1790969919.35,608036.8,43.1,78.0,5.5,0.0,175.0,0.0,74.3,-598435.3,0.99,0.0,1.0,0
1790969919.85,608036.8,43.6,78.0,5.5,0.0,175.0,0.0,74.3,-598435.3,0.99,0.0,1.0,0
1790969920.35,608036.8,44.1,78.0,5.5,0.0,175.0,0.0,74.3,-598435.3,0.99,0.0,1.0,0
1790969920.85,608036.9,44.6,78.0,5.5,0.0,175.0,0.0,74.3,-598435.3,0.99,0.0,1.0,0
1790969921.35,608036.9,45.1,78.0,5.5,0.0,175.0,0.0,74.3,-598435.3,0.99,0.0,1.0,0
1790969921.85,608036.9,45.6,78.0,5.5,0.0,175.0,0.0,74.3,-598435.3,0.99,0.0,1.0,0
1790969922.36,608036.9,46.1,78.0,5.5,0.0,175.0,0.0,74.3,-598435.3,0.99,0.0,1.0,0
1790969922.86,608036.9,46.6,78.0,5.5,0.0,175.0,0.0,74.3,-598435.3,0.99,0.0,1.0,0
1790969923.36,608036.9,47.1,78.0,5.5,0.0,175.0,0.0,74.3,-598435.3,0.99,0.0,1.0,0
1790969923.86,608037.0,47.6,78.0,5.5,0.0,175.0,0.0,74.3,-598435.3,0.99,0.0,1.0,0
1790969924.36,608037.0,48.1,78.0,5.5,0.0,175.0,0.0,74.3,-598435.3,0.99,0.0,1.0,0
1790969924.86,608037.0,48.6,78.0,5.5,0.0,175.0,0.0,74.3,-598435.3,0.99,0.0,1.0,0
1790969925.36,608037.0,49.1,78.0,5.5,0.0,175.0,0.0,74.3,-598435.3,0.99,0.0,1.0,0
1790969925.86,608037.1,49.6,78.0,5.5,0.0,175.0,0.0,74.3,-598435.3,0.99,0.0,1.0,0
1790969926.36,608037.1,50.1,78.0,5.5,0.0,175.0,0.0,74.3,-598435.3,0.99,0.0,1.0,0
1790969926.87,608037.4,50.6,78.0,5.5,-0.0,175.0,0.0,74.3,-598435.3,0.99,0.0,1.0,0
1790969927.37,608037.9,51.1,78.0,5.5,0.0,175.0,0.0,74.3,-598435.3,0.99,0.0,1.0,0
1790969927.87,608038.4,51.6,78.0,5.5,0.0,175.0,0.0,74.3,-598435.3,0.99,0.0,1.0,0
1790969928.37,608038.9,52.1,78.0,5.5,-0.0,175.0,0.0,74.3,-598435.3,0.99,0.0,1.0,0
1790969928.87,608039.4,52.6,78.0,5.5,0.0,175.0,0.0,74.3,-598435.3,0.99,0.0,1.0,0
1790969929.38,608040.0,53.1,78.0,5.5,0.0,175.0,0.0,74.3,-598435.3,0.99,0.0,1.0,0
1790969929.88,608040.4,53.6,78.0,5.5,-0.0,175.0,0.0,74.3,-598435.3,0.99,0.0,1.0,0
1790969930.38,608041.0,54.2,78.0,5.5,0.0,175.0,0.0,74.3,-598435.3,0.99,0.0,1.0,0
1790969930.88,608041.5,54.7,78.0,5.5,0.0,175.0,0.0,74.3,-598435.3,0.99,0.0,1.0,0
1790969931.38,608042.0,55.2,78.0,5.5,-0.0,175.0,0.0,74.3,-598435.3,0.99,0.0,1.0,0
1790969931.88,608042.5,55.7,78.0,5.5,0.0,175.0,0.0,74.3,-598435.3,0.99,0.0,1.0,0
1790969932.38,608043.0,56.2,78.0,5.5,0.0,175.0,0.0,74.3,-598435.3,0.99,0.0,1.0,0
1790969932.88,608043.5,56.7,78.0,5.5,0.0,175.0,0.0,74.3,-598435.3,1.0,0.0,1.0,0
1790969933.39,608044.0,57.2,78.0,5.5,0.0,175.0,0.0,74.3,-598435.3,0.99,0.0,1.0,0
1790969933.89,608044.3,57.7,78.0,5.5,0.0,175.0,0.0,74.3,-598435.3,0.99,0.0,1.0,0
1790969934.39,608044.8,58.2,78.0,5.5,0.0,175.0,0.0,74.3,-598435.3,0.99,0.0,1.0,0
1790969934.89,608045.4,58.7,78.0,5.5,0.0,175.0,0.0,74.3,-598435.3,0.99,0.0,1.0,0
1790969935.39,608045.8,59.2,78.0,5.5,0.0,175.0,0.0,74.3,-598435.3,0.99,0.0,1.0,0
1790969935.89,608046.3,59.7,78.0,5.5,0.0,175.0,0.0,74.3,-598435.3,0.99,0.0,1.0,0
1790969936.39,608046.8,60.2,78.0,5.5,0.0,175.0,0.0,74.3,-598435.3,0.99,0.0,1.0,0
1790969936.89,608047.3,60.7,78.0,5.5,0.0,175.0,0.0,74.3,-598435.3,0.99,0.0,1.0,0
1790969937.4,608047.9,61.2,78.0,5.5,0.0,175.0,0.0,74.3,-598435.3,0.99,0.0,1.0,0
1790969937.9,608048.4,61.7,78.0,5.5,0.0,175.0,0.0,74.3,-598435.3,0.99,0.0,1.0,0
1790969938.4,608048.9,62.2,78.0,5.5,0.0,175.0,0.0,74.3,-598435.3,0.99,0.0,1.0,0
1790969938.9,608049.4,62.7,78.0,5.5,0.0,175.0,0.0,74.3,-598435.3,0.99,0.0,1.0,0
1790969939.4,608049.9,63.2,78.0,5.5,0.0,175.0,0.0,74.3,-598435.3,0.99,0.0,1.0,0
1790969939.9,608050.4,63.7,78.0,5.5,0.0,175.0,0.0,74.3,-598435.3,0.99,0.0,1.0,0
1790969940.4,608050.9,64.2,78.0,5.5,0.0,175.0,0.0,74.3,-598435.3,0.99,0.0,1.0,0
1790969940.9,608051.4,64.7,78.0,5.5,0.0,175.0,0.0,74.3,-598435.3,0.99,0.0,1.0,0
1790969941.41,608051.9,65.2,78.0,5.5,0.0,175.0,0.0,74.3,-598435.3,0.99,0.0,1.0,0
1790969941.91,608052.4,65.7,78.0,5.5,0.0,175.0,0.0,74.3,-598435.3,0.99,0.0,1.0,0
1790969942.41,608052.9,66.2,78.0,5.5,0.0,175.0,0.0,74.3,-598435.3,0.99,0.0,1.0,0
1790969942.91,608053.4,66.7,78.0,5.5,0.0,175.0,0.0,74.3,-598435.3,0.99,0.0,1.0,0
1790969943.41,608053.9,67.2,78.0,5.5,0.0,175.0,0.0,74.3,-598435.3,0.99,0.0,1.0,0
1790969943.91,608054.4,67.7,78.0,5.5,0.0,175.0,0.0,74.3,-598435.3,0.99,0.0,1.0,0
1790969944.41,608054.9,68.2,78.0,5.5,0.0,175.0,0.0,74.3,-598435.3,0.99,0.0,1.0,0
1790969944.92,608055.4,68.7,78.0,5.5,0.0,175.0,0.0,74.3,-598435.3,0.99,0.0,1.0,0
1790969945.42,608055.9,69.2,78.0,5.5,0.0,175.0,0.0,74.3,-598435.3,0.99,0.0,1.0,0
1790969945.92,608056.4,69.7,78.0,5.5,0.0,175.0,0.0,74.3,-598435.3,0.99,0.0,1.0,0
1790969946.42,608056.9,70.2,78.0,5.5,0.0,175.0,0.0,74.3,-598435.3,0.99,0.0,1.0,0
1790969946.92,608057.4,70.7,78.0,5.5,0.0,175.0,0.0,74.3,-598435.3,0.99,0.0,1.0,0
1790969947.42,608057.8,71.2,78.0,5.5,0.0,175.0,0.0,74.3,-598435.3,0.99,0.0,1.0,0
1790969947.92,608058.3,71.7,78.0,5.5,0.0,175.0,0.0,74.3,-598435.3,0.99,0.0,1.0,0
1790969948.42,608058.8,72.2,78.0,5.5,0.0,175.0,0.0,74.3,-598435.3,0.99,0.0,1.0,0
1790969948.92,608059.3,72.7,78.0,5.5,0.0,175.0,0.0,74.3,-598435.3,0.99,0.0,1.0,0
1790969949.43,608059.8,73.2,78.0,5.5,0.0,175.0,0.0,74.3,-598435.3,0.99,0.0,1.0,0
1790969949.93,608060.3,73.7,78.0,5.5,-0.0,175.0,0.0,74.3,-598435.3,0.99,0.0,1.0,0
1790969950.43,608060.8,74.2,78.0,5.5,0.0,175.0,0.0,74.3,-598435.3,0.99,0.0,1.0,0
1790969950.93,608061.3,74.7,78.0,5.5,0.0,175.0,0.0,74.3,-598435.3,0.99,0.0,1.0,0
1790969951.43,608061.8,75.2,78.0,5.5,-0.0,175.0,0.0,74.3,-598435.3,0.99,0.0,1.0,0
1790969951.93,608062.3,75.7,78.0,5.5,0.0,175.0,0.0,74.3,-598435.3,0.99,0.0,1.0,0
1790969952.43,608062.8,76.2,78.0,5.5,0.0,175.0,0.0,74.3,-598435.3,0.99,0.0,1.0,0
1790969952.94,608063.3,76.7,78.0,5.5,0.0,175.0,0.0,74.3,-598435.3,0.99,0.0,1.0,0
1790969953.44,608063.8,77.2,78.0,5.5,0.0,175.0,0.0,74.3,-598435.3,0.99,0.0,1.0,0
1790969953.94,608064.3,77.7,78.0,5.5,0.0,175.0,0.0,74.3,-598435.3,0.99,0.0,1.0,0
1790969954.44,608064.8,78.2,78.0,5.5,-0.0,175.0,0.0,74.3,-598435.3,0.99,0.0,1.0,0
1790969954.94,608065.3,78.7,78.0,5.5,0.0,175.0,0.0,74.3,-598435.3,0.99,0.0,1.0,0
1790969955.44,608065.8,79.2,78.0,5.5,0.0,175.0,0.0,74.3,-598435.3,0.99,0.0,1.0,0
1790969955.94,608066.3,79.7,78.0,5.5,0.0,175.0,0.0,74.3,-598435.3,1.0,0.0,1.0,0
1790969956.44,608066.8,80.2,78.0,5.5,0.0,175.0,0.0,74.3,-598435.3,0.99,0.0,1.0,0
1790969956.95,608067.3,80.7,78.0,5.5,0.0,175.0,0.0,74.3,-598435.3,0.99,0.0,1.0,0
1790969957.45,608067.8,81.2,78.0,5.5,0.0,175.0,0.0,74.3,-598435.3,0.99,0.0,1.0,0
1790969957.95,608068.3,81.7,78.0,5.5,0.0,175.0,0.0,74.3,-598435.3,0.99,0.0,1.0,0
1790969958.45,608068.8,82.2,78.0,5.5,0.0,175.0,0.0,74.3,-598435.3,0.99,0.0,1.0,0
1790969958.95,608069.3,82.7,78.0,5.5,0.0,175.0,0.0,74.3,-598435.3,0.99,0.0,1.0,0
1790969959.45,608069.8,83.2,78.0,5.5,0.0,175.0,0.0,74.3,-598435.3,1.0,0.0,1.0,0
1790969959.95,608070.3,83.7,78.0,5.5,0.0,175.0,0.0,74.3,-598435.3,0.99,0.0,1.0,0
1790969960.45,608070.8,84.2,78.0,5.5,0.0,175.0,0.0,74.3,-598435.3,0.99,0.0,1.0,0
1790969960.96,608071.3,84.7,78.0,5.5,0.0,175.0,0.0,74.3,-598435.3,0.99,0.0,1.0,0
1790969961.46,608071.8,85.2,78.0,5.5,0.0,175.0,0.0,74.3,-598435.3,0.99,0.0,1.0,0
1790969961.96,608072.3,85.7,78.0,5.5,0.0,175.0,0.0,74.3,-598435.3,0.99,0.0,1.0,0
1790969962.46,608072.8,86.2,78.0,5.5,0.0,175.0,0.0,74.3,-598435.3,0.99,0.0,1.0,0
1790969962.96,608073.3,86.7,78.0,5.5,0.0,175.0,0.0,74.3,-598435.3,0.99,0.0,1.0,0
1790969963.46,608073.8,87.2,78.0,5.5,0.0,175.0,0.0,74.3,-598435.3,0.99,0.0,1.0,0
1790969963.96,608074.3,87.7,78.0,5.5,0.0,175.0,0.0,74.3,-598435.3,0.99,0.0,1.0,0
1790969964.46,608074.8,88.2,78.0,5.5,0.0,175.0,0.0,74.3,-598435.3,0.99,0.0,1.0,0
1790969964.97,608075.3,88.7,78.0,5.5,0.0,175.0,0.0,74.3,-598435.3,0.99,0.0,1.0,0
1790969965.47,608075.8,89.2,78.0,5.5,0.0,175.0,0.0,74.3,-598435.3,0.99,0.0,1.0,0
1790969965.97,608076.3,89.7,78.0,5.5,0.0,175.0,0.0,74.3,-598435.3,0.99,0.0,1.0,0
1790969966.47,608076.8,90.2,78.0,5.5,0.0,175.0,0.0,74.3,-598435.3,0.99,0.0,1.0,0
1790969966.97,608077.3,90.7,78.0,5.5,0.0,175.0,0.0,74.3,-598435.3,0.99,0.0,1.0,0
1790969967.47,608077.8,91.2,78.0,5.5,0.0,175.0,0.0,74.3,-598435.3,0.99,0.0,1.0,0
1790969967.97,608078.3,91.7,78.0,5.5,0.0,175.0,0.0,74.3,-598435.3,0.99,0.0,1.0,0
1790969968.48,608078.8,92.2,78.0,5.5,0.0,175.0,0.0,74.3,-598435.3,0.99,0.0,1.0,0
1790969968.98,608079.3,92.7,78.0,5.5,0.0,175.0,0.0,74.3,-598435.3,0.99,0.0,1.0,0
1790969969.48,608079.8,93.2,78.0,5.5,0.0,175.0,0.0,74.3,-598435.3,0.99,0.0,1.0,0
1790969969.98,608080.3,93.8,78.0,5.5,0.0,175.0,0.0,74.3,-598435.3,0.99,0.0,1.0,0
1790969970.48,608080.8,94.3,78.0,5.5,0.0,175.0,0.0,74.3,-598435.3,0.99,0.0,1.0,0
1790969970.98,608081.3,94.8,78.0,5.5,0.0,175.0,0.0,74.3,-598435.3,0.99,0.0,1.0,0
1790969971.48,608081.8,95.3,78.0,5.5,0.0,175.0,0.0,74.3,-598435.3,0.99,0.0,1.0,0
1790969971.98,608082.3,95.8,78.0,5.5,0.0,175.0,0.0,74.3,-598435.3,0.99,0.0,1.0,0
1790969972.49,608082.8,96.3,78.0,5.5,0.0,175.0,0.0,74.3,-598435.3,0.99,0.0,1.0,0
1790969972.99,608083.3,96.8,78.0,5.5,0.0,175.0,0.0,74.3,-598435.3,0.99,0.0,1.0,0
1790969973.49,608083.8,97.3,78.0,5.5,0.0,175.0,0.0,74.3,-598435.3,0.99,0.0,1.0,0
1790969973.99,608084.3,97.8,78.0,5.5,0.0,175.0,0.0,74.3,-598435.3,0.99,0.0,1.0,0
1790969974.49,608084.8,98.3,78.0,5.5,0.0,175.0,0.0,74.3,-598435.3,0.99,0.0,1.0,0
1790969974.99,608085.3,98.8,78.0,5.5,0.0,175.0,0.0,74.3,-598435.3,0.99,0.0,1.0,0
1790969975.5,608085.8,99.3,78.0,5.5,0.0,175.0,0.0,74.3,-598435.3,0.99,0.0,1.0,0
1790969976.0,608086.3,99.8,78.0,5.5,0.0,175.0,0.0,74.3,-598435.3,0.99,0.0,1.0,0
1790969976.5,608086.8,100.3,78.0,5.5,0.0,175.0,0.0,74.3,-598435.3,0.99,0.0,1.0,0
1790969977.0,608087.3,100.8,78.0,5.5,0.0,175.0,0.0,74.3,-598435.3,0.99,0.0,1.0,0
1790969977.5,608087.9,101.3,78.0,5.5,0.0,175.0,0.0,74.3,-598435.3,0.99,0.0,1.0,0
1790969978.0,608088.3,101.8,78.0,5.5,0.0,175.0,0.0,74.3,-598435.3,0.99,0.0,1.0,0
1790969978.5,608088.8,102.3,78.0,5.5,0.0,175.0,0.0,74.3,-598435.3,0.99,0.0,1.0,0
1790969979.0,608089.3,102.8,78.0,5.5,0.0,175.0,0.0,74.3,-598435.3,0.99,0.0,1.0,0
1790969979.51,608089.8,103.3,78.0,5.5,0.0,175.0,0.0,74.3,-598435.3,0.99,0.0,1.0,0
1790969980.01,608090.3,103.8,78.0,5.5,0.0,175.0,0.0,74.3,-598435.3,0.99,0.0,1.0,0
1790969980.51,608090.8,104.3,78.0,5.5,0.0,175.0,0.0,74.3,-598435.3,0.99,0.0,1.0,0
1790969981.01,608091.3,104.8,78.0,5.5,0.0,175.0,0.0,74.3,-598435.3,0.99,0.0,1.0,0
1790969981.51,608091.8,105.3,78.0,5.5,0.0,175.0,0.0,74.3,-598435.3,0.99,0.0,1.0,0
1790969982.01,608092.3,105.8,78.0,5.5,0.0,175.0,0.0,74.3,-598435.3,0.99,0.0,1.0,0
1790969982.51,608092.8,106.3,78.0,5.5,0.0,175.0,0.0,74.3,-598435.3,0.99,0.0,1.0,0
1790969983.01,608093.3,106.8,78.0,5.5,0.0,175.0,0.0,74.3,-598435.3,0.99,0.0,1.0,0
1790969983.52,608093.8,107.3,78.0,5.5,0.0,175.0,0.0,74.3,-598435.3,0.99,0.0,1.0,0
1790969984.02,608094.3,107.8,78.0,5.5,0.0,175.0,0.0,74.3,-598435.3,0.99,0.0,1.0,0
1790969984.52,608094.8,108.3,78.0,5.5,0.0,175.0,0.0,74.3,-598435.3,0.99,0.0,1.0,0
1790969985.02,608095.3,108.8,78.0,5.5,0.0,175.0,0.0,74.3,-598435.3,0.99,0.0,1.0,0
1790969985.52,608095.8,109.3,78.0,5.5,0.0,175.0,0.0,74.3,-598435.3,0.99,0.0,1.0,0
1790969986.02,608096.3,109.8,78.0,5.5,0.0,175.0,0.0,74.3,-598435.3,0.99,0.0,1.0,0
1790969986.52,608096.8,110.3,78.0,5.5,0.0,175.0,0.0,74.3,-598435.3,0.99,0.0,1.0,0
1790969987.02,608097.3,110.8,78.0,5.5,0.0,175.0,0.0,74.3,-598435.3,0.99,0.0,1.0,0
1790969987.53,608097.8,111.3,78.0,5.5,0.0,175.0,0.0,74.3,-598435.3,0.99,0.0,1.0,0
1790969988.03,608098.3,111.8,78.0,5.5,-0.0,175.0,0.0,74.3,-598435.3,0.99,0.0,1.0,0
1790969988.53,608098.8,112.3,78.0,5.5,0.0,175.0,0.0,74.3,-598435.3,0.99,0.0,1.0,0
1790969989.03,608099.4,112.8,78.0,5.5,0.0,175.0,0.0,74.3,-598435.3,0.99,0.0,1.0,0
1790969989.53,608099.9,113.3,78.0,5.5,-0.0,175.0,0.0,74.3,-598435.3,0.99,0.0,1.0,0
1790969990.03,608100.4,113.8,78.0,5.5,0.0,175.0,0.0,74.3,-598435.3,0.99,0.0,1.0,0
1790969990.53,608100.9,114.3,78.0,5.5,0.0,175.0,0.0,74.3,-598435.3,0.99,0.0,1.0,0
1790969991.03,608101.4,114.8,78.0,5.5,0.0,175.0,0.0,74.3,-598435.3,0.99,0.0,1.0,0
1790969991.54,608101.9,115.3,78.0,5.5,0.0,175.0,0.0,74.3,-598435.3,0.99,0.0,1.0,0
1790969992.04,608102.4,115.8,78.0,5.5,0.0,175.0,0.0,74.3,-598435.3,0.99,0.0,1.0,0
1790969992.54,608102.9,116.3,78.0,5.5,0.0,175.0,0.0,74.3,-598435.3,1.0,0.0,1.0,0
1790969993.04,608103.4,116.8,78.0,5.5,0.0,175.0,0.0,74.3,-598435.3,0.99,0.0,1.0,0
1790969993.54,608103.9,117.3,78.0,5.5,0.0,175.0,0.0,74.3,-598435.3,0.99,0.0,1.0,0
1790969994.04,608104.4,117.8,78.0,5.5,0.0,175.0,0.0,74.3,-598435.3,0.99,0.0,1.0,0
1790969994.54,608104.9,118.3,78.0,5.5,0.0,175.0,0.0,74.3,-598435.3,0.99,0.0,1.0,0
1790969995.05,608105.4,118.8,78.0,5.5,0.0,175.0,0.0,74.3,-598435.3,0.99,0.0,1.0,0
1790969995.55,608105.9,119.3,78.0,5.5,0.0,175.0,0.0,74.3,-598435.3,0.99,0.0,1.0,0
1790969996.05,608106.4,119.8,78.0,5.5,0.0,175.0,0.0,74.3,-598435.3,1.0,0.0,1.0,0
1790969996.55,608106.9,120.3,78.0,5.5,0.0,175.0,0.0,74.3,-598435.3,0.99,0.0,1.0,0
1790969997.05,608107.4,120.8,78.0,5.5,0.0,175.0,0.0,74.3,-598435.3,0.99,0.0,1.0,0
1790969997.55,608107.9,121.3,78.0,5.5,0.0,175.0,0.0,74.3,-598435.3,0.99,0.0,1.0,0
1790969998.05,608108.4,121.8,78.0,5.5,0.0,175.0,0.0,74.3,-598435.3,0.99,0.0,1.0,0
1790969998.55,608108.9,122.3,78.0,5.5,0.0,175.0,0.0,74.3,-598435.3,0.99,0.0,1.0,0
1790969999.05,608109.4,122.8,78.0,5.5,0.0,175.0,0.0,74.3,-598435.3,1.0,0.0,1.0,0
1790969999.56,608109.9,123.3,78.0,5.5,0.0,175.0,0.0,74.3,-598435.3,0.99,0.0,1.0,0
1790970000.06,608110.4,123.8,78.0,5.5,0.0,175.0,0.0,74.3,-598435.3,0.99,0.0,1.0,0
1790970000.56,608110.9,124.3,78.0,5.5,0.0,175.0,0.0,74.3,-598435.3,0.99,0.0,1.0,0
1790970001.06,608111.4,124.8,78.0,5.5,0.0,175.0,0.0,74.3,-598435.3,0.99,0.0,1.0,0
1790970001.56,608111.9,125.3,78.0,5.5,0.0,175.0,0.0,74.3,-598435.3,0.99,0.0,1.0,0
1790970002.06,608112.4,125.8,78.0,5.5,0.0,175.0,0.0,74.3,-598435.3,0.99,0.0,1.0,0
1790970002.56,608112.9,126.3,78.0,5.5,0.0,175.0,0.0,74.3,-598435.3,0.99,0.0,1.0,0
1790970003.07,608113.4,126.8,78.0,5.5,0.0,175.0,0.0,74.3,-598435.3,0.99,0.0,1.0,0
1790970003.57,608113.9,127.3,78.2,5.6,2.0,175.0,2.0,74.7,-598435.3,1.52,2.32,1.0,0
1790970004.07,608114.4,127.8,81.1,8.6,9.4,175.2,9.4,81.9,-598435.5,2.5,49.13,1.0,0
1790970004.57,608114.9,128.3,87.7,15.2,16.8,175.7,16.8,98.5,-598435.7,2.51,157.57,1.0,0
1790970005.07,608115.4,128.8,98.1,25.5,24.3,176.6,24.3,124.7,-598436.0,2.53,329.14,1.0,0
1790970005.57,608115.9,129.3,112.2,39.7,31.9,177.8,31.9,160.7,-598436.4,2.54,564.84,1.0,0
1790970006.07,608116.4,129.8,130.2,57.6,39.5,179.3,39.5,206.5,-598436.8,2.55,865.14,1.0,0
1790970006.57,608116.9,130.3,151.9,79.3,47.2,181.1,47.2,262.3,-598437.3,2.56,1229.94,1.0,0
1790970007.08,608117.4,130.8,177.5,104.9,54.9,183.2,54.9,328.2,-598437.7,2.56,1658.52,1.0,0
1790970007.58,608117.9,131.3,206.9,134.4,62.6,185.6,62.6,404.1,-598438.0,2.57,2149.46,1.0,0
1790970008.08,608118.4,131.9,240.2,167.7,70.3,188.4,70.3,489.9,-598437.8,2.57,2700.52,1.0,0
1790970008.58,608118.9,132.4,277.4,204.8,78.0,191.4,78.0,585.6,-598436.6,2.56,3308.11,1.0,0
1790970009.08,608119.4,132.9,318.3,245.8,85.6,194.8,85.6,690.4,-598432.6,2.55,3965.6,1.0,0
1790970009.58,608119.9,133.4,363.0,290.5,92.9,198.7,93.0,802.8,-598422.1,2.52,4657.14,1.0,0
1790970010.08,608120.4,133.9,413.2,340.6,99.7,203.3,100.1,920.6,-598393.1,2.5,5358.68,1.0,0
1790970010.59,608120.9,134.4,463.7,396.0,102.9,208.3,104.7,1005.1,-598321.0,2.87,5826.84,1.0,0
1790970011.09,608121.4,134.9,512.0,444.2,94.3,210.7,102.4,967.9,-598182.0,4.62,5546.01,1.0,0
1790970011.59,608121.9,135.4,551.3,483.5,73.2,207.5,92.7,827.8,-598069.3,4.73,4515.6,1.0,0
1790970012.09,608122.4,135.9,581.0,513.2,51.6,206.6,80.9,720.2,-597949.7,3.6,3426.05,1.0,0
1790970012.59,608122.9,136.4,605.3,537.5,36.7,207.7,66.9,673.9,-597858.3,3.18,2336.16,1.0,0
1790970013.09,608123.4,136.9,625.2,557.4,35.7,203.2,55.8,688.0,-597949.8,3.02,1626.34,1.0,0
1790970013.59,608123.9,137.4,641.2,573.4,36.6,190.7,52.9,709.6,-598206.3,3.04,1457.32,1.0,0
1790970014.09,608124.4,137.9,652.3,587.8,20.7,185.9,50.2,677.5,-598250.9,3.02,1306.82,1.0,0
1790970014.6,608124.9,138.4,661.6,597.5,6.6,188.0,38.4,663.8,-598191.1,2.93,765.55,1.0,0
1790970015.1,608125.4,138.9,667.8,603.7,8.3,183.9,27.1,668.3,-598270.6,2.89,380.29,1.0,0
1790970015.6,608125.9,139.4,669.7,605.7,10.2,173.6,31.6,675.4,-598462.7,2.97,517.16,1.0,0
1790970016.1,608126.4,139.9,668.2,604.1,-5.9,172.2,39.2,673.3,-598483.7,3.07,795.82,1.0,0
1790970016.6,608126.9,140.4,663.3,599.2,-20.6,179.7,37.4,685.9,-598368.2,3.01,724.7,1.0,0
1790970017.1,608127.4,140.9,656.9,592.8,-18.3,179.4,25.9,671.0,-598367.9,3.15,347.16,1.0,0
1790970017.6,608127.9,141.4,648.6,584.5,-10.4,171.7,21.9,652.6,-598496.3,3.07,249.39,1.0,0
1790970018.1,608128.4,141.9,639.5,575.1,-14.8,168.8,36.9,652.7,-598551.7,3.05,707.7,1.0,0
1790970018.61,608128.9,142.4,626.5,561.9,-32.7,179.9,48.9,684.5,-598398.1,3.4,1244.35,1.0,0
1790970019.11,608129.4,142.9,608.2,543.5,-44.9,189.9,51.8,713.1,-598257.0,3.46,1400.95,1.0,0
1790970019.61,608129.9,143.4,587.0,522.3,-45.8,188.3,47.3,694.3,-598290.9,3.37,1169.22,1.0,0
1790970020.11,608130.4,143.9,566.0,501.3,-40.8,177.0,40.9,650.2,-598481.7,3.4,879.25,1.0,0
1790970020.61,608130.9,144.4,546.8,482.0,-35.9,162.7,39.6,611.7,-598711.4,3.45,824.41,1.0,0
1790970021.11,608131.4,144.9,529.4,464.6,-31.9,150.4,44.4,580.8,-598895.7,3.62,1037.93,1.0,0
1790970021.61,608131.9,145.4,513.4,448.6,-28.6,141.9,54.2,555.5,-599012.5,3.89,1554.51,1.0,0
1790970022.11,608132.4,145.9,498.4,433.5,-30.0,141.3,68.2,545.3,-599025.6,3.77,2462.11,1.0,0
1790970022.62,608132.9,146.4,481.8,417.0,-35.2,149.8,82.7,546.6,-598915.8,3.78,3624.34,1.0,0
1790970023.12,608133.4,146.9,461.6,396.8,-41.7,168.8,95.3,552.2,-598630.6,4.28,4828.75,1.0,0
1790970023.62,608133.9,147.4,439.0,374.1,-48.1,195.2,103.3,559.2,-598168.1,5.37,5685.37,1.0,0
1790970024.12,608134.4,147.9,413.4,348.5,-53.7,223.1,107.1,563.4,-597597.1,6.45,6130.83,1.0,0
1790970024.62,608134.9,148.4,385.3,320.5,-57.9,247.3,110.5,559.6,-597035.1,6.65,6549.01,1.0,0
1790970025.12,608135.4,148.9,355.9,291.0,-59.8,267.4,115.9,542.0,-596513.2,6.38,7234.86,1.0,0
1790970025.62,608135.9,149.4,326.8,261.9,-57.4,283.8,121.9,498.0,-596032.6,6.41,8035.82,1.0,0
1790970026.12,608136.4,149.9,300.2,235.3,-50.0,295.9,127.3,430.2,-595630.2,6.67,8789.04,1.0,0
1790970026.63,608136.9,150.4,278.2,213.3,-39.3,303.4,132.2,358.6,-595348.1,6.81,9506.91,1.0,0
1790970027.13,608137.4,150.9,261.9,197.0,-27.2,307.1,137.4,300.2,-595188.1,6.68,10292.49,1.0,0
1790970027.63,608137.9,151.4,251.8,186.9,-14.8,308.6,143.5,262.9,-595115.0,6.3,11243.13,1.0,0
1790970028.13,608138.5,151.9,247.6,183.7,-3.1,309.0,150.8,247.6,-595088.6,5.8,12408.87,1.0,0
1790970028.63,608139.0,152.4,249.0,186.0,7.4,309.4,159.0,251.3,-595079.0,5.28,13799.68,1.0,0
1790970029.13,608139.5,152.9,255.6,-1.0,16.5,310.2,168.1,269.5,-595062.5,4.78,15479.8,1.0,0
1790970029.63,608140.0,153.4,266.0,203.1,24.2,312.1,178.3,295.8,-595020.6,4.3,17312.65,1.0,0
1790970030.14,608140.5,153.9,279.8,217.1,30.2,315.1,188.6,326.4,-594939.6,3.85,19345.35,1.0,0
1790970030.64,608140.9,154.4,294.3,232.0,34.7,313.9,193.6,355.8,-594992.9,3.41,20354.9,1.0,0
1790970031.14,608141.4,154.9,313.5,251.4,37.9,286.6,172.9,387.8,-595854.3,5.84,16185.59,1.0,0
1790970031.64,608141.9,155.4,328.7,267.1,26.1,269.5,149.9,365.2,-596306.6,4.65,12143.08,1.0,0
1790970032.14,608142.4,155.9,333.2,272.6,-4.3,274.3,139.3,336.6,-596136.3,7.23,10484.37,1.0,0
1790970032.64,608142.8,156.4,324.3,264.4,-29.5,248.8,105.6,369.5,-596870.7,8.47,6026.09,1.0,0
1790970033.14,608143.3,156.9,312.7,252.4,-14.9,235.6,93.8,324.0,-597165.0,6.48,4766.28,1.0,0
1790970033.64,608143.8,157.4,302.7,242.5,-27.1,233.6,92.9,340.7,-597239.6,2.76,4673.99,1.0,0
1790970034.15,608144.4,157.9,288.1,228.2,-29.1,238.6,96.8,332.1,-597124.9,1.41,5091.79,1.0,0
1790970034.65,608144.9,158.4,271.2,212.6,-37.1,240.6,102.7,342.5,-597103.1,1.13,5741.9,1.0,0
1790970035.15,608145.4,158.9,250.9,193.2,-42.9,246.2,109.2,346.0,-596986.8,1.05,6510.56,1.0,0
1790970035.65,608145.8,159.4,228.7,171.3,-49.9,249.9,115.7,357.1,-596924.4,1.0,7326.87,1.0,0
1790970036.15,608146.3,159.9,201.9,144.4,-56.4,254.8,122.4,366.3,-596833.4,0.92,8227.4,1.0,0
1790970036.65,608146.8,160.4,173.3,116.1,-52.5,241.7,106.3,315.7,-597149.0,4.84,6220.17,1.0,0
1790970037.15,608147.3,160.9,156.4,99.9,-21.7,196.7,40.2,181.0,-598044.9,13.6,893.72,1.0,0
1790970037.65,608147.8,161.4,148.4,92.3,-13.1,191.2,24.8,157.2,-598139.5,3.64,340.8,1.0,0
1790970038.16,608148.3,161.9,144.1,88.2,-7.1,188.7,16.6,146.0,-598180.5,2.76,151.66,1.0,0
1790970038.66,608148.8,162.4,140.5,84.7,-5.7,179.6,7.3,142.3,-598352.6,2.45,29.81,1.0,0
1790970039.16,608149.3,162.9,136.1,80.4,-10.3,172.5,11.2,142.0,-598484.8,1.54,69.96,1.0,0
1790970039.66,608149.8,163.4,131.3,75.6,-10.4,173.7,13.1,136.7,-598462.5,1.4,94.58,1.0,0
1790970040.16,608150.3,163.9,127.8,72.1,-4.7,177.9,8.4,128.3,-598382.9,2.52,39.36,1.0,0
1790970040.66,608150.8,164.4,125.7,70.1,-2.7,174.9,3.7,126.4,-598436.7,2.26,7.68,1.0,0
1790970041.16,608151.4,164.9,123.0,67.3,-7.2,170.0,9.3,126.1,-598525.8,1.0,48.44,1.0,0
1790970041.66,608151.9,165.4,119.3,63.6,-8.6,169.1,11.2,122.9,-598542.2,1.6,69.15,1.0,0
1790970042.17,608152.4,165.9,116.5,60.7,-2.8,174.5,6.1,116.3,-598444.3,2.67,20.71,1.0,0
1790970042.67,608152.9,166.4,114.9,59.1,-2.4,177.0,4.3,115.4,-598397.8,1.99,10.34,1.0,0
1790970043.17,608153.4,166.9,112.5,56.7,-6.5,172.7,8.8,115.0,-598476.9,1.05,43.03,1.0,0
1790970043.67,608153.9,167.4,109.5,53.7,-7.0,168.4,9.7,111.7,-598553.0,1.78,52.48,1.0,0
1790970044.17,608154.4,167.9,107.3,51.4,-2.3,173.1,5.3,107.1,-598469.0,2.48,15.55,1.0,0
1790970044.67,608154.9,168.4,105.9,50.0,-2.4,179.1,5.0,106.3,-598360.3,1.94,13.7,1.0,0
1790970045.17,608155.4,168.9,103.7,47.8,-5.9,175.7,8.6,105.7,-598424.2,1.27,41.27,1.0,0
1790970045.67,608155.9,169.4,101.2,45.2,-5.6,168.9,8.7,102.3,-598543.4,2.01,41.88,1.0,0
1790970046.18,608156.4,169.9,99.3,43.3,-1.6,174.1,3.9,99.3,-598450.6,2.49,8.28,1.0,0
1790970046.68,608156.9,170.4,97.6,41.7,-4.0,180.2,6.8,98.7,-598340.3,1.64,25.37,1.0,0
1790970047.18,608157.4,171.0,95.3,39.3,-6.2,175.3,8.8,97.1,-598431.2,1.64,43.52,1.0,0
1790970047.68,608157.9,171.5,93.0,37.0,-2.9,169.5,6.3,93.0,-598532.7,2.41,22.3,1.0,0
1790970048.18,608158.4,172.0,91.4,35.3,-2.7,177.0,5.0,91.9,-598398.5,2.1,13.91,1.0,0
1790970048.68,608158.9,172.5,89.1,33.1,-5.9,180.5,8.4,91.1,-598335.4,1.53,39.27,1.0,0
1790970049.18,608159.4,173.0,86.7,30.7,-5.0,173.4,8.0,87.6,-598463.5,2.13,35.74,1.0,0
1790970049.69,608159.9,173.5,84.9,28.9,-2.4,171.2,4.9,85.0,-598502.8,2.31,13.21,1.0,0
1790970050.19,608160.4,174.0,82.9,26.9,-4.6,179.2,7.7,84.2,-598358.7,1.8,32.66,1.0,0
1790970050.69,608160.9,174.5,80.3,24.4,-6.4,181.0,9.3,82.3,-598328.0,1.89,48.56,1.0,0
1790970051.19,608161.4,175.0,77.9,21.9,-3.6,172.7,6.4,78.2,-598476.4,2.44,22.62,1.0,0
1790970051.69,608161.9,175.5,76.0,20.0,-3.5,173.6,5.9,76.7,-598460.5,2.13,19.25,1.0,0
1790970052.19,608162.4,176.0,73.5,17.5,-6.3,181.3,9.1,75.5,-598322.2,1.77,45.98,1.0,0
1790970052.69,608162.9,176.5,70.9,15.0,-5.0,178.2,8.2,71.8,-598378.7,2.27,37.82,1.0,0
1790970053.19,608163.4,177.0,68.9,13.0,-2.7,170.2,5.8,69.2,-598520.0,2.37,18.53,1.0,0
1790970053.7,608163.9,177.5,67.1,11.2,-4.2,174.4,7.6,68.1,-598446.5,1.98,32.12,1.0,0
1790970054.2,608164.4,178.0,64.6,8.7,-5.9,181.9,9.1,66.3,-598310.8,2.06,46.35,1.0,0
1790970054.7,608164.9,178.5,62.3,6.4,-3.1,175.2,6.1,62.6,-598430.9,2.57,21.07,1.0,0
1790970055.2,608165.4,179.0,60.6,4.7,-3.2,170.8,6.1,61.2,-598509.3,2.19,20.54,1.0,0
1790970055.7,608165.9,179.5,58.6,2.8,-4.8,179.3,8.0,59.8,-598358.7,1.96,35.33,1.0,0
1790970056.2,608166.4,180.0,56.8,1.0,-0.2,177.7,4.2,56.6,-598386.4,2.83,9.84,1.0,0
1790970056.7,608166.9,180.5,56.1,0.3,-0.2,171.7,5.8,56.2,-598493.3,1.56,18.77,1.0,0
1790970057.2,608167.4,181.0,56.5,0.6,0.4,171.0,5.3,56.5,-598505.9,1.72,15.98,1.0,0
1790970057.71,608167.9,181.5,56.7,0.9,0.1,172.6,6.3,56.6,-598478.2,1.15,22.29,1.0,0
1790970058.21,608168.4,182.0,56.8,1.0,0.3,175.3,6.4,56.7,-598428.7,1.24,23.19,1.0,0
1790970058.71,608168.9,182.5,56.9,1.1,-0.1,178.0,6.4,56.7,-598380.8,1.12,22.64,1.0,0
1790970059.21,608169.4,183.0,57.2,1.5,0.6,181.7,7.4,56.9,-598312.2,1.52,30.73,1.0,0
1790970059.71,608169.9,183.5,58.0,2.4,2.3,182.4,7.8,57.8,-598299.4,1.45,33.68,1.0,0
1790970060.21,608170.4,184.0,60.0,4.5,5.4,178.8,6.7,61.0,-598367.5,1.86,24.76,1.0,0
1790970060.71,608170.9,184.5,62.2,6.7,3.3,172.4,5.9,62.7,-598482.3,1.67,19.65,1.0,0
1790970061.21,608171.4,185.0,61.9,6.4,-3.3,174.6,8.9,62.6,-598443.3,1.02,44.38,1.0,0
1790970061.72,608171.9,185.5,60.2,4.8,-3.7,180.8,8.8,60.6,-598328.8,1.83,42.92,1.0,0
1790970062.22,608172.4,186.0,60.0,4.6,2.3,179.3,4.9,59.8,-598357.5,2.64,13.38,1.0,0
1790970062.72,608172.9,186.5,60.4,5.1,-0.4,170.4,6.1,60.6,-598516.5,2.01,21.02,1.0,0
1790970063.22,608173.4,187.0,59.0,3.6,-4.8,176.5,8.4,60.0,-598409.1,1.58,39.16,1.0,0
1790970063.72,608173.9,187.5,58.3,3.0,1.4,180.1,6.0,57.9,-598341.9,2.64,20.26,1.0,0
1790970064.22,608174.4,188.0,59.2,4.0,2.0,170.3,5.2,59.5,-598517.3,2.31,15.19,1.0,0
1790970064.72,608174.9,188.5,58.3,3.0,-4.9,171.7,8.7,59.5,-598495.4,1.24,42.26,1.0,0
1790970065.22,608175.4,189.0,57.3,2.1,0.5,175.6,2.0,57.6,-598424.8,2.84,2.17,1.0,0
1790970065.72,608175.9,189.5,56.4,1.2,-3.1,175.5,3.3,57.3,-598426.5,0.38,6.12,1.0,0
1790970066.23,608176.4,190.0,55.2,0.0,-0.1,174.5,0.5,55.5,-598444.1,1.9,0.13,1.0,0
1790970066.73,608176.9,190.5,55.3,0.1,-0.0,174.7,0.3,55.5,-598440.1,1.01,0.04,1.0,0
1790970067.23,608177.4,191.0,55.3,0.1,-0.3,174.7,0.5,55.5,-598439.4,0.94,0.13,1.0,0
1790970067.73,608177.9,191.5,55.5,0.3,-0.2,174.6,0.5,55.4,-598442.4,1.08,0.12,1.0,0
1790970068.23,608178.4,192.0,55.4,0.2,0.0,174.7,0.3,55.4,-598439.9,1.05,0.04,1.0,0
1790970068.73,608178.9,192.5,55.4,0.2,-0.0,174.7,0.3,55.4,-598440.1,1.01,0.04,1.0,0
1790970069.23,608179.4,193.0,55.4,0.2,0.0,174.9,0.1,55.4,-598436.8,0.97,0.0,1.0,0
1790970069.74,608179.9,193.5,55.4,0.2,-0.0,175.0,0.0,55.4,-598435.0,0.99,0.0,1.0,0
1790970070.24,608180.4,194.0,55.4,0.2,-0.0,175.0,0.0,55.4,-598435.0,1.0,0.0,1.0,0
1790970070.74,608180.9,194.5,55.4,0.2,-0.0,175.1,0.1,55.4,-598433.2,1.0,0.01,1.0,0
1790970071.24,608181.4,195.0,55.4,0.2,0.0,175.1,0.1,55.4,-598433.7,1.0,0.01,1.0,0
1790970071.74,608181.9,195.5,55.4,0.2,0.0,174.9,0.0,55.4,-598436.1,1.0,0.0,1.0,0
1790970072.24,608182.4,196.0,55.4,0.2,-0.0,174.9,0.0,55.4,-598436.2,0.99,0.0,1.0,0
1790970072.74,608182.9,196.5,55.4,0.2,-0.0,174.9,0.0,55.4,-598436.0,1.0,0.0,1.0,0
1790970073.24,608183.4,197.0,55.4,0.2,-0.0,175.0,0.0,55.4,-598435.2,0.99,0.0,1.0,0
1790970073.75,608183.9,197.5,55.4,0.2,-0.0,175.0,0.0,55.4,-598435.4,0.99,0.0,1.0,0
1790970074.25,608184.4,198.0,55.4,0.2,0.0,175.0,0.0,55.4,-598435.5,1.0,0.0,1.0,0
1790970074.75,608184.9,198.5,55.4,0.2,-0.0,175.0,0.0,55.4,-598435.5,1.0,0.0,1.0,0
1790970075.25,608185.4,199.0,55.4,0.2,-0.0,175.0,0.0,55.4,-598435.5,0.99,0.0,1.0,0
1790970075.75,608185.9,199.5,55.4,0.2,0.0,175.0,0.0,55.4,-598435.5,1.0,0.0,1.0,0
1790970076.25,608186.4,200.0,55.4,0.2,0.0,175.0,0.0,55.4,-598435.5,1.0,0.0,1.0,0
1790970076.75,608186.9,200.5,55.4,0.2,-0.0,175.0,0.0,55.4,-598435.5,1.0,0.0,1.0,0
1790970077.25,608187.4,201.0,55.4,0.2,0.0,175.0,0.0,55.4,-598435.5,1.0,0.0,1.0,0
1790970077.76,608187.9,201.5,55.4,0.2,-0.0,175.0,0.0,55.4,-598435.5,1.0,0.0,1.0,0
1790970078.26,608188.4,202.0,55.4,0.2,-0.0,175.0,0.0,55.4,-598435.5,0.99,0.0,1.0,0
1790970078.76,608188.9,202.5,55.4,0.2,-0.0,175.0,0.0,55.4,-598435.5,0.99,0.0,1.0,0
1790970079.26,608189.4,203.0,55.4,0.2,0.0,175.0,0.0,55.4,-598435.5,0.99,0.0,1.0,0
1790970079.76,608189.9,203.5,55.4,0.2,-0.0,175.0,0.0,55.4,-598435.5,0.99,0.0,1.0,0
1790970080.26,608190.4,204.0,55.4,0.2,0.0,175.0,0.0,55.4,-598435.5,0.99,0.0,1.0,0
1790970080.76,608190.9,204.5,55.4,0.2,0.0,175.0,0.0,55.4,-598435.5,1.0,0.0,1.0,0
1790970081.27,608191.4,205.0,55.4,0.2,-0.0,175.0,0.0,55.4,-598435.5,0.99,0.0,1.0,0
1790970081.77,608191.9,205.5,55.4,0.2,-0.0,175.0,0.0,55.4,-598435.5,0.99,0.0,1.0,0
1790970082.27,608192.4,206.0,55.4,0.2,-0.0,175.0,0.0,55.4,-598435.5,1.0,0.0,1.0,0
1790970082.77,608192.9,206.5,55.4,0.2,0.0,175.0,0.0,55.4,-598435.5,1.0,0.0,1.0,0
1790970083.27,608193.4,207.0,55.4,0.2,0.0,175.0,0.0,55.4,-598435.5,1.0,0.0,1.0,0
1790970083.77,608193.9,207.5,55.4,0.2,0.0,175.0,0.0,55.4,-598435.5,1.0,0.0,1.0,0
1790970084.27,608194.4,208.0,55.4,0.2,-0.0,175.0,0.0,55.4,-598435.5,0.99,0.0,1.0,0
1790970084.77,608194.9,208.5,55.4,0.2,-0.0,175.0,0.0,55.4,-598435.5,0.99,0.0,1.0,0
1790970085.28,608195.4,209.0,55.4,0.2,0.0,175.0,0.0,55.4,-598435.5,0.99,0.0,1.0,0
1790970085.78,608195.9,209.5,55.4,0.2,-0.0,175.0,0.0,55.4,-598435.5,0.99,0.0,1.0,0
1790970086.28,608196.3,210.0,55.4,0.2,0.0,175.0,0.0,55.4,-598435.5,0.99,0.0,1.0,0
1790970086.78,608196.3,210.6,55.4,0.2,0.0,175.0,0.0,55.4,-598435.5,0.99,0.0,1.0,0
1790970087.28,608196.3,211.1,55.4,0.2,-0.0,175.0,0.0,55.4,-598435.5,0.99,0.0,1.0,0
1790970087.78,608196.3,211.6,55.4,0.2,-0.0,175.0,0.0,55.4,-598435.5,0.99,0.0,1.0,0
1790970088.28,608196.3,212.1,55.4,0.2,-0.0,175.0,0.0,55.4,-598435.5,0.99,0.0,1.0,0
1790970088.78,608196.3,212.6,55.4,0.2,-0.0,175.0,0.0,55.4,-598435.5,0.99,0.0,1.0,0
1790970089.29,608196.4,213.1,55.4,0.2,0.0,175.0,0.0,55.4,-598435.5,0.99,0.0,1.0,0
1790970089.79,608196.4,213.6,55.4,0.2,0.0,175.0,0.0,55.4,-598435.5,0.99,0.0,1.0,0
1790970090.29,608196.4,214.1,55.4,0.2,-0.0,175.0,0.0,55.4,-598435.5,1.0,0.0,1.0,0
1790970090.79,608196.4,214.6,55.4,0.2,-0.0,175.0,0.0,55.4,-598435.5,1.0,0.0,1.0,0
1790970091.29,608196.5,215.1,55.4,0.2,0.0,175.0,0.0,55.4,-598435.5,1.0,0.0,1.0,0
1790970091.79,608196.5,215.6,55.4,0.2,0.0,175.0,0.0,55.4,-598435.5,1.0,0.0,1.0,0
1790970092.29,608196.5,216.1,55.4,0.2,0.0,175.0,0.0,55.4,-598435.5,0.99,0.0,1.0,0
1790970092.79,608196.5,216.6,55.4,0.2,0.0,175.0,0.0,55.4,-598435.5,0.99,0.0,1.0,0
1790970093.3,608196.5,217.1,55.4,0.2,-0.0,175.0,0.0,55.4,-598435.5,0.99,0.0,1.0,0
1790970093.8,608196.5,217.6,55.4,0.2,-0.0,175.0,0.0,55.4,-598435.5,0.99,0.0,1.0,0
1790970094.3,608196.6,218.1,55.4,0.2,-0.0,175.0,0.0,55.4,-598435.5,0.99,0.0,1.0,0
1790970094.8,608196.6,218.6,55.4,0.2,-0.0,175.0,0.0,55.4,-598435.5,0.99,0.0,1.0,0
1790970095.3,608196.6,219.1,55.4,0.2,0.0,175.0,0.0,55.4,-598435.5,1.0,0.0,1.0,0
1790970095.8,608196.6,219.6,55.4,0.2,0.0,175.0,0.0,55.4,-598435.5,1.0,0.0,1.0,0
1790970096.3,608196.7,220.1,55.4,0.2,-0.0,175.0,0.0,55.4,-598435.5,0.99,0.0,1.0,0
1790970096.8,608196.7,220.6,55.4,0.2,-0.0,175.0,0.0,55.4,-598435.5,0.99,0.0,1.0,0
1790970097.31,608196.7,221.1,55.4,0.2,0.0,175.0,0.0,55.4,-598435.5,1.0,0.0,1.0,0
1790970097.81,608196.7,221.6,55.4,0.2,0.0,175.0,0.0,55.4,-598435.5,1.0,0.0,1.0,0
1790970098.31,608196.7,222.1,55.4,0.2,-0.0,175.0,0.0,55.4,-598435.5,0.99,0.0,1.0,0
1790970098.81,608196.7,222.6,55.4,0.2,-0.0,175.0,0.0,55.4,-598435.5,0.99,0.0,1.0,0
1790970099.31,608196.8,223.1,55.4,0.2,-0.0,175.0,0.0,55.4,-598435.5,0.99,0.0,1.0,0
1790970099.81,608196.8,223.6,55.4,0.2,-0.0,175.0,0.0,55.4,-598435.5,0.99,0.0,1.0,0
1790970100.31,608196.8,224.1,55.4,0.2,-0.0,175.0,0.0,55.4,-598435.5,0.99,0.0,1.0,0
1790970100.82,608196.8,224.6,55.4,0.2,-0.0,175.0,0.0,55.4,-598435.5,0.99,0.0,1.0,0
1790970101.32,608196.9,225.1,55.4,0.2,-0.0,175.0,0.0,55.4,-598435.5,0.99,0.0,1.0,0
1790970101.82,608196.9,225.6,55.4,0.2,-0.0,175.0,0.0,55.4,-598435.5,0.99,0.0,1.0,0
1790970102.32,608196.9,226.1,55.4,0.2,-0.0,175.0,0.0,55.4,-598435.5,0.99,0.0,1.0,0
1790970102.82,608196.9,226.6,55.4,0.2,-0.0,175.0,0.0,55.4,-598435.5,0.99,0.0,1.0,0
1790970103.32,608196.9,227.1,55.4,0.2,-0.0,175.0,0.0,55.4,-598435.5,1.0,0.0,1.0,0
1790970103.82,608196.9,227.6,55.4,0.2,-0.0,175.0,0.0,55.4,-598435.5,1.0,0.0,1.0,0
1790970104.32,608197.0,228.1,55.4,0.2,0.0,175.0,0.0,55.4,-598435.5,1.0,0.0,1.0,0
1790970104.83,608197.0,228.6,55.4,0.2,0.0,175.0,0.0,55.4,-598435.5,1.0,0.0,1.0,0
1790970105.33,608197.0,229.1,55.4,0.2,0.0,175.0,0.0,55.4,-598435.5,0.99,0.0,1.0,0
1790970105.83,608197.0,229.6,55.4,0.2,0.0,175.0,0.0,55.4,-598435.5,0.99,0.0,1.0,0
1790970106.33,608197.1,230.1,55.4,0.2,0.0,175.0,0.0,55.4,-598435.5,1.0,0.0,1.0,0
1790970106.83,608197.1,230.6,55.4,0.2,0.0,175.0,0.0,55.4,-598435.5,1.0,0.0,1.0,0
1790970107.33,608197.1,231.1,55.4,0.2,-0.0,175.0,0.0,55.4,-598435.5,0.99,0.0,1.0,0
1790970107.83,608197.1,231.6,55.4,0.2,-0.0,175.0,0.0,55.4,-598435.5,0.99,0.0,1.0,0
1790970108.33,608197.1,232.1,55.4,0.2,0.0,175.0,0.0,55.4,-598435.5,1.0,0.0,1.0,0
1790970108.83,608197.1,232.6,55.4,0.2,0.0,175.0,0.0,55.4,-598435.5,1.0,0.0,1.0,0
1790970109.34,608197.2,233.1,55.4,0.2,-0.0,175.0,0.0,55.4,-598435.5,1.0,0.0,1.0,0
1790970109.84,608197.2,233.6,55.4,0.2,-0.0,175.0,0.0,55.4,-598435.5,1.0,0.0,1.0,0
1790970110.34,608197.2,234.1,55.4,0.2,0.0,175.0,0.0,55.4,-598435.5,1.0,0.0,1.0,0
1790970110.84,608197.2,234.6,55.4,0.2,0.0,175.0,0.0,55.4,-598435.5,1.0,0.0,1.0,0
1790970111.34,608197.3,235.1,55.4,0.2,0.0,175.0,0.0,55.4,-598435.5,1.0,0.0,1.0,0
1790970111.84,608197.3,235.6,55.4,0.2,0.0,175.0,0.0,55.4,-598435.5,1.0,0.0,1.0,0
1790970112.34,608197.3,236.1,55.4,0.2,0.0,175.0,0.0,55.4,-598435.5,1.0,0.0,1.0,0
1790970112.84,608197.3,236.6,55.4,0.2,0.0,175.0,0.0,55.4,-598435.5,1.0,0.0,1.0,0
1790970113.35,608197.3,237.1,55.4,0.2,-0.0,175.0,0.0,55.4,-598435.5,0.99,0.0,1.0,0
1790970113.85,608197.3,237.6,55.4,0.2,0.0,175.0,0.0,55.4,-598435.5,1.0,0.0,1.0,0
1790970114.35,608197.3,238.1,55.4,0.2,0.0,175.0,0.0,55.4,-598435.5,1.0,0.0,1.0,0
1790970114.85,608197.4,238.6,55.4,0.2,0.0,175.0,0.0,55.4,-598435.5,0.99,0.0,1.0,0
1790970115.35,608197.4,239.1,55.4,0.2,0.0,175.0,0.0,55.4,-598435.5,0.99,0.0,1.0,0
1790970115.85,608197.4,239.6,55.4,0.2,-0.0,175.0,0.0,55.4,-598435.5,0.99,0.0,1.0,0
1790970116.35,608197.4,240.1,55.4,0.2,-0.0,175.0,0.0,55.4,-598435.5,0.99,0.0,1.0,0
1790970116.85,608197.5,240.6,55.4,0.2,0.0,175.0,0.0,55.4,-598435.5,0.99,0.0,1.0,0
1790970117.36,608197.5,241.1,55.4,0.2,0.0,175.0,0.0,55.4,-598435.5,0.99,0.0,1.0,0
1790970117.86,608197.5,241.6,55.4,0.2,-0.0,175.0,0.0,55.4,-598435.5,0.99,0.0,1.0,0
1790970118.36,608197.5,242.1,55.4,0.2,-0.0,175.0,0.0,55.4,-598435.5,0.99,0.0,1.0,0
1790970118.86,608197.5,242.6,55.4,0.2,-0.0,175.0,0.0,55.4,-598435.5,0.99,0.0,1.0,0
1790970119.36,608197.5,243.1,55.4,0.2,-0.0,175.0,0.0,55.4,-598435.5,0.99,0.0,1.0,0
1790970119.86,608197.6,243.6,55.4,0.2,-0.0,175.0,0.0,55.4,-598435.5,0.99,0.0,1.0,0
1790970120.36,608197.6,244.1,55.4,0.2,-0.0,175.0,0.0,55.4,-598435.5,0.99,0.0,1.0,0
1790970120.86,608197.6,244.6,55.4,0.2,-0.0,175.0,0.0,55.4,-598435.5,0.99,0.0,1.0,0
1790970121.37,608197.6,245.1,55.4,0.2,-0.0,175.0,0.0,55.4,-598435.5,0.99,0.0,1.0,0
1790970121.87,608197.7,245.6,55.4,0.2,0.0,175.0,0.0,55.4,-598435.5,0.99,0.0,1.0,0
1790970122.37,608197.7,246.1,55.4,0.2,0.0,175.0,0.0,55.4,-598435.5,0.99,0.0,1.0,0
1790970122.87,608197.7,246.6,55.4,0.2,-0.0,175.0,0.0,55.4,-598435.5,0.99,0.0,1.0,0
1790970123.37,608197.7,247.1,55.4,0.2,-0.0,175.0,0.0,55.4,-598435.5,0.99,0.0,1.0,0
1790970123.87,608197.7,247.6,55.4,0.2,-0.0,175.0,0.0,55.4,-598435.5,0.99,0.0,1.0,0
1790970124.38,608197.7,248.1,55.4,0.2,-0.0,175.0,0.0,55.4,-598435.5,0.99,0.0,1.0,0
1790970124.88,608197.8,248.6,55.4,0.2,-0.0,175.0,0.0,55.4,-598435.5,0.99,0.0,1.0,0
1790970125.38,608197.8,249.1,55.4,0.2,-0.0,175.0,0.0,55.4,-598435.5,0.99,0.0,1.0,0
1790970125.88,608197.8,249.7,55.4,0.2,0.0,175.0,0.0,55.4,-598435.5,1.0,0.0,1.0,0
1790970126.38,608197.8,250.2,55.4,0.2,0.0,175.0,0.0,55.4,-598435.5,1.0,0.0,1.0,0
1790970126.88,608197.9,250.7,55.4,0.2,-0.0,175.0,0.0,55.4,-598435.5,0.99,0.0,1.0,0
1790970127.38,608197.9,251.2,55.4,0.2,-0.0,175.0,0.0,55.4,-598435.5,0.99,0.0,1.0,0
1790970127.88,608197.9,251.7,55.4,0.2,0.0,175.0,0.0,55.4,-598435.5,1.0,0.0,1.0,0
1790970128.38,608197.9,252.2,55.4,0.2,0.0,175.0,0.0,55.4,-598435.5,1.0,0.0,1.0,0
1790970128.89,608197.9,252.7,55.4,0.2,-0.0,175.0,0.0,55.4,-598435.5,1.0,0.0,1.0,0
1790970129.39,608197.9,253.2,55.4,0.2,-0.0,175.0,0.0,55.4,-598435.5,1.0,0.0,1.0,0
1790970129.89,608198.0,253.7,55.4,0.2,-0.0,175.0,0.0,55.4,-598435.5,1.0,0.0,1.0,0
1790970130.39,608198.0,254.2,55.4,0.2,-0.0,175.0,0.0,55.4,-598435.5,1.0,0.0,1.0,0
1790970130.89,608198.0,254.7,55.4,0.2,0.0,175.0,0.0,55.4,-598435.5,1.0,0.0,1.0,0
1790970131.39,608198.0,255.2,55.4,0.2,0.0,175.0,0.0,55.4,-598435.5,1.0,0.0,1.0,0
1790970131.89,608198.1,255.7,55.4,0.2,-0.0,175.0,0.0,55.4,-598435.5,0.99,0.0,1.0,0
1790970132.39,608198.1,256.2,55.4,0.2,-0.0,175.0,0.0,55.4,-598435.5,0.99,0.0,1.0,0
1790970132.9,608198.1,256.7,55.4,0.2,0.0,175.0,0.0,55.4,-598435.5,1.0,0.0,1.0,0
1790970133.4,608198.1,257.2,55.4,0.2,0.0,175.0,0.0,55.4,-598435.5,1.0,0.0,1.0,0
1790970133.9,608198.1,257.7,55.4,0.2,0.0,175.0,0.0,55.4,-598435.5,1.0,0.0,1.0,0
1790970134.4,608198.1,258.2,55.4,0.2,0.0,175.0,0.0,55.4,-598435.5,1.0,0.0,1.0,0
1790970134.9,608198.2,258.7,55.4,0.2,0.0,175.0,0.0,55.4,-598435.5,1.0,0.0,1.0,0
1790970135.4,608198.2,259.2,55.4,0.2,0.0,175.0,0.0,55.4,-598435.5,1.0,0.0,1.0,0
1790970135.9,608198.2,259.7,55.4,0.2,0.0,175.0,0.0,55.4,-598435.5,0.99,0.0,1.0,0
1790970136.4,608198.2,260.2,55.4,0.2,0.0,175.0,0.0,55.4,-598435.5,0.99,0.0,1.0,0
1790970136.91,608198.3,260.7,55.4,0.2,-0.0,175.0,0.0,55.4,-598435.5,1.0,0.0,1.0,0
1790970137.41,608198.3,261.2,55.4,0.2,-0.0,175.0,0.0,55.4,-598435.5,1.0,0.0,1.0,0
1790970137.91,608198.3,261.7,55.4,0.2,0.0,175.0,0.0,55.4,-598435.5,0.99,0.0,1.0,0
1790970138.41,608198.3,262.2,55.4,0.2,0.0,175.0,0.0,55.4,-598435.5,0.99,0.0,1.0,0
1790970138.92,608198.3,262.7,55.4,0.2,0.0,175.0,0.0,55.4,-598435.5,1.0,0.0,1.0,0
1790970139.42,608198.3,263.2,55.4,0.2,0.0,175.0,0.0,55.4,-598435.5,1.0,0.0,1.0,0
1790970139.92,608198.5,263.7,55.4,0.2,0.0,175.0,0.0,55.4,-598435.5,0.99,0.0,1.0,0
1790970140.42,608199.0,264.2,55.4,0.2,0.0,175.0,0.0,55.4,-598435.5,0.99,0.0,1.0,0
1790970140.93,608199.5,264.7,55.4,0.2,-0.0,175.0,0.0,55.4,-598435.5,0.99,0.0,1.0,0
1790970141.43,608200.0,265.2,55.4,0.2,-0.0,175.0,0.0,55.4,-598435.5,0.99,0.0,1.0,0
1790970141.93,608200.5,265.7,55.4,0.2,0.0,175.0,0.0,55.4,-598435.5,0.99,0.0,1.0,0
1790970142.43,608201.0,266.2,55.4,0.2,-0.0,175.0,0.0,55.4,-598435.5,0.99,0.0,1.0,0
1790970142.93,608201.5,266.7,55.4,0.2,-0.0,175.0,0.0,55.4,-598435.5,0.99,0.0,1.0,0
1790970143.43,608202.0,267.2,55.4,0.2,-0.0,175.0,0.0,55.4,-598435.5,0.99,0.0,1.0,0
1790970143.93,608202.5,267.7,55.4,0.2,0.0,175.0,0.0,55.4,-598435.5,1.0,0.0,1.0,0
1790970144.43,608203.0,268.2,55.4,0.2,-0.0,175.0,0.0,55.4,-598435.5,0.99,0.0,1.0,0
1790970145.06,608203.4,268.8,0.0,0.0,0.0,0.0,0.0,0.0,0.0,0.0,0.0,0.0,0
1790970145.73,608203.4,269.5,0.0,0.0,0.0,0.0,0.0,0.0,0.0,0.0,0.0,0.0,0
1790970146.24,608203.4,270.0,0.0,0.0,0.0,0.0,0.0,0.0,0.0,0.0,0.0,0.0,0
1790970146.9,608203.4,270.7,0.0,0.0,0.0,0.0,0.0,0.0,0.0,0.0,0.0,0.0,0
1790970148.04,608203.4,271.8,0.0,0.0,0.0,0.0,0.0,0.0,0.0,0.0,0.0,0.0,0
1790970148.74,608203.4,272.5,0.0,0.0,0.0,0.0,0.0,0.0,0.0,0.0,0.0,0.0,0
1790970149.24,608203.4,273.0,0.0,0.0,0.0,0.0,0.0,0.0,0.0,0.0,0.0,0.0,0
1790970149.74,608203.4,273.5,0.0,0.0,0.0,0.0,0.0,0.0,0.0,0.0,0.0,0.0,0
1790970150.44,608203.4,274.2,0.0,0.0,0.0,0.0,0.0,0.0,0.0,0.0,0.0,0.0,0
1790970151.12,608203.4,274.9,0.0,0.0,0.0,0.0,0.0,0.0,0.0,0.0,0.0,0.0,0
1790970151.62,608203.4,275.4,0.0,0.0,0.0,0.0,0.0,0.0,0.0,0.0,0.0,0.0,0
1790970152.12,608203.8,275.9,0.0,0.0,0.0,0.0,0.0,0.0,0.0,0.0,0.0,0.0,0
1790970152.62,608203.8,276.4,0.0,0.0,0.0,0.0,0.0,0.0,0.0,0.0,0.0,0.0,0
1790970153.12,608203.9,276.9,0.0,0.0,0.0,0.0,0.0,0.0,0.0,0.0,0.0,0.0,0
1790970153.62,608203.9,277.4,0.0,0.0,0.0,0.0,0.0,0.0,0.0,0.0,0.0,0.0,0
1790970154.13,608203.9,277.9,0.0,0.0,0.0,0.0,0.0,0.0,0.0,0.0,0.0,0.0,0
1790970154.63,608203.9,278.4,0.0,0.0,0.0,0.0,0.0,0.0,0.0,0.0,0.0,0.0,0
1790970155.13,608203.9,278.9,0.0,0.0,0.0,0.0,0.0,0.0,0.0,0.0,0.0,0.0,0
1790970155.63,608203.9,279.4,0.0,0.0,0.0,0.0,0.0,0.0,0.0,0.0,0.0,0.0,0
1790970156.13,608204.0,279.9,0.0,0.0,0.0,0.0,0.0,0.0,0.0,0.0,0.0,0.0,0
1790970156.64,608204.5,280.4,0.0,0.0,0.0,0.0,0.0,0.0,0.0,0.0,0.0,0.0,0
1790970157.14,608205.0,280.9,0.0,0.0,0.0,0.0,0.0,0.0,0.0,0.0,0.0,0.0,0
1790970157.64,608205.5,281.4,0.0,0.0,0.0,0.0,0.0,0.0,0.0,0.0,0.0,0.0,0
1790970158.14,608206.0,281.9,0.0,0.0,0.0,0.0,0.0,0.0,0.0,0.0,0.0,0.0,0
1790970158.64,608206.5,282.4,0.0,0.0,0.0,0.0,0.0,0.0,0.0,0.0,0.0,0.0,0
1790970159.15,608207.0,282.9,0.0,0.0,0.0,0.0,0.0,0.0,0.0,0.0,0.0,0.0,0
1790970159.65,608207.5,283.4,0.0,0.0,0.0,0.0,0.0,0.0,0.0,0.0,0.0,0.0,0
